trait.name,T,trait,ref,specie,parasite,food_supply,sex,notes
pdr,23.0,0.066666667,Eling et al 2001,An. stephensi,P. falciparum,,,
pdr,26.0,0.090909091,Eling et al 2001,An. stephensi,P. falciparum,,,
pdr,28.0,0.111111111,Eling et al 2001,An. stephensi,P. falciparum,,,
pdr,21.1,0.071428571,Knowles and Basu 1943,An. stephensi,P. malariae,,,
pdr,26.7,0.1,Knowles and Basu 1943,An. stephensi,P. malariae,,,
pdr,32.2,0.111111111,Knowles and Basu 1943,An. stephensi,P. malariae,,,
pdr,28.1,0.103603,Thomas et al. 2018,An. stephensi,P. falciparum,,,
pdr,28.8,0.106357,Thomas et al. 2018,An. stephensi,P. falciparum,,,
pdr,30.0,0.108385,Thomas et al. 2018,An. stephensi,P. falciparum,,,
pdr,32.0,0.100023,Thomas et al. 2018,An. stephensi,P. falciparum,,,
pdr,32.6,0.092359,Thomas et al. 2018,An. stephensi,P. falciparum,,,
pdr,28.1,0.116064,Thomas et al. 2018,An. stephensi,P. vivax,,,
pdr,28.8,0.11771,Thomas et al. 2018,An. stephensi,P. vivax,,,
pdr,30.0,0.117597,Thomas et al. 2018,An. stephensi,P. vivax,,,
pdr,32.0,0.101173,Thomas et al. 2018,An. stephensi,P. vivax,,,
pdr,32.6,0.084844,Thomas et al. 2018,An. stephensi,P. vivax,,,
pdr,21.0,0.071428571,Shapiro et al. 2017,An. stephensi,P. falciparum,,,
pdr,24.0,0.088495575,Shapiro et al. 2017,An. stephensi,P. falciparum,,,
pdr,27.0,0.091743119,Shapiro et al. 2017,An. stephensi,P. falciparum,,,
pdr,30.0,0.120481928,Shapiro et al. 2017,An. stephensi,P. falciparum,,,
pdr,32.0,0.12987013,Shapiro et al. 2017,An. stephensi,P. falciparum,,,
pdr,34.0,0.142857143,Shapiro et al. 2017,An. stephensi,P. falciparum,,,
pdr,21.0,0.062111801,Shapiro et al. 2017,An. stephensi,P. falciparum,,,
pdr,24.0,0.085470085,Shapiro et al. 2017,An. stephensi,P. falciparum,,,
pdr,27.0,0.096153846,Shapiro et al. 2017,An. stephensi,P. falciparum,,,
pdr,30.0,0.120481928,Shapiro et al. 2017,An. stephensi,P. falciparum,,,
pdr,32.0,0.12987013,Shapiro et al. 2017,An. stephensi,P. falciparum,,,
pdr,34.0,0.142857143,Shapiro et al. 2017,An. stephensi,P. falciparum,,,
pdr,22.0,0.07692308,Paaijmans et al. 2013,An. stephensi,P. yoelii,,,
pdr,24.0,0.09090909,Paaijmans et al. 2013,An. stephensi,P. yoelii,,,
pdr,26.0,0.125,Paaijmans et al. 2013,An. stephensi,P. yoelii,,,
pdr,20.0,0.04950495,Paaijmans et al. 2011,An. stephensi,P. yoelii,,,
pdr,22.0,0.084033613,Paaijmans et al. 2011,An. stephensi,P. yoelii,,,
pdr,24.0,0.106382979,Paaijmans et al. 2011,An. stephensi,P. yoelii,,,
pdr,26.0,0.125,Paaijmans et al. 2011,An. stephensi,P. yoelii,,,
pdr,16.5,0.033333,Waite et al. 2019,An. stephensi,P. falciparum,,,
pdr,17.0,0.0263158,Waite et al. 2020,An. stephensi,P. falciparum,,,
pdr,18.0,0.030303,Waite et al. 2021,An. stephensi,P. falciparum,,,
pdr,18.5,0.037037,Waite et al. 2022,An. stephensi,P. falciparum,,,
pdr,20.0,0.0384615,Waite et al. 2023,An. stephensi,P. falciparum,,,
e2a,27.0,0.93,Murdock et al. 2016,An. stephensi,,,,
e2a,30.0,0.825,Murdock et al. 2016,An. stephensi,,,,
e2a,33.0,0.825,Murdock et al. 2016,An. stephensi,,,,
e2a,16.0,0.0,Paaijmans et al. 2013,An. stephensi,,,,
e2a,16.0,0.22,Paaijmans et al. 2013,An. stephensi,,,,
e2a,16.0,0.02,Paaijmans et al. 2013,An. stephensi,,,,
e2a,16.0,0.02,Paaijmans et al. 2013,An. stephensi,,,,
e2a,16.0,0.0,Paaijmans et al. 2013,An. stephensi,,,,
e2a,16.0,0.06,Paaijmans et al. 2013,An. stephensi,,,,
e2a,18.0,0.64,Paaijmans et al. 2013,An. stephensi,,,,
e2a,18.0,0.38,Paaijmans et al. 2013,An. stephensi,,,,
e2a,18.0,0.48,Paaijmans et al. 2013,An. stephensi,,,,
e2a,18.0,0.6,Paaijmans et al. 2013,An. stephensi,,,,
e2a,18.0,0.74,Paaijmans et al. 2013,An. stephensi,,,,
e2a,18.0,0.64,Paaijmans et al. 2013,An. stephensi,,,,
e2a,20.0,0.6,Paaijmans et al. 2013,An. stephensi,,,,
e2a,20.0,0.58,Paaijmans et al. 2013,An. stephensi,,,,
e2a,20.0,0.7,Paaijmans et al. 2013,An. stephensi,,,,
e2a,20.0,0.68,Paaijmans et al. 2013,An. stephensi,,,,
e2a,20.0,0.68,Paaijmans et al. 2013,An. stephensi,,,,
e2a,20.0,0.8,Paaijmans et al. 2013,An. stephensi,,,,
e2a,22.0,0.86,Paaijmans et al. 2013,An. stephensi,,,,
e2a,22.0,0.7,Paaijmans et al. 2013,An. stephensi,,,,
e2a,22.0,0.84,Paaijmans et al. 2013,An. stephensi,,,,
e2a,22.0,0.86,Paaijmans et al. 2013,An. stephensi,,,,
e2a,22.0,0.8,Paaijmans et al. 2013,An. stephensi,,,,
e2a,22.0,0.76,Paaijmans et al. 2013,An. stephensi,,,,
e2a,24.0,0.88,Paaijmans et al. 2013,An. stephensi,,,,
e2a,24.0,0.74,Paaijmans et al. 2013,An. stephensi,,,,
e2a,24.0,0.76,Paaijmans et al. 2013,An. stephensi,,,,
e2a,24.0,0.84,Paaijmans et al. 2013,An. stephensi,,,,
e2a,24.0,0.9,Paaijmans et al. 2013,An. stephensi,,,,
e2a,24.0,0.8,Paaijmans et al. 2013,An. stephensi,,,,
e2a,26.0,0.94,Paaijmans et al. 2013,An. stephensi,,,,
e2a,26.0,0.76,Paaijmans et al. 2013,An. stephensi,,,,
e2a,26.0,0.74,Paaijmans et al. 2013,An. stephensi,,,,
e2a,26.0,0.84,Paaijmans et al. 2013,An. stephensi,,,,
e2a,26.0,0.9,Paaijmans et al. 2013,An. stephensi,,,,
e2a,26.0,0.96,Paaijmans et al. 2013,An. stephensi,,,,
e2a,28.0,0.84,Paaijmans et al. 2013,An. stephensi,,,,
e2a,28.0,0.9,Paaijmans et al. 2013,An. stephensi,,,,
e2a,28.0,0.72,Paaijmans et al. 2013,An. stephensi,,,,
e2a,28.0,0.82,Paaijmans et al. 2013,An. stephensi,,,,
e2a,28.0,0.7,Paaijmans et al. 2013,An. stephensi,,,,
e2a,28.0,0.94,Paaijmans et al. 2013,An. stephensi,,,,
e2a,30.0,0.92,Paaijmans et al. 2013,An. stephensi,,,,
e2a,30.0,0.78,Paaijmans et al. 2013,An. stephensi,,,,
e2a,30.0,0.7,Paaijmans et al. 2013,An. stephensi,,,,
e2a,30.0,0.76,Paaijmans et al. 2013,An. stephensi,,,,
e2a,30.0,0.88,Paaijmans et al. 2013,An. stephensi,,,,
e2a,30.0,0.8,Paaijmans et al. 2013,An. stephensi,,,,
e2a,32.0,0.82,Paaijmans et al. 2013,An. stephensi,,,,
e2a,32.0,0.82,Paaijmans et al. 2013,An. stephensi,,,,
e2a,32.0,0.68,Paaijmans et al. 2013,An. stephensi,,,,
e2a,32.0,0.78,Paaijmans et al. 2013,An. stephensi,,,,
e2a,32.0,0.84,Paaijmans et al. 2013,An. stephensi,,,,
e2a,32.0,0.92,Paaijmans et al. 2013,An. stephensi,,,,
e2a,34.0,0.68,Paaijmans et al. 2013,An. stephensi,,,,
e2a,34.0,0.78,Paaijmans et al. 2013,An. stephensi,,,,
e2a,34.0,0.7,Paaijmans et al. 2013,An. stephensi,,,,
e2a,34.0,0.6,Paaijmans et al. 2013,An. stephensi,,,,
e2a,34.0,0.68,Paaijmans et al. 2013,An. stephensi,,,,
e2a,34.0,0.78,Paaijmans et al. 2013,An. stephensi,,,,
e2a,36.0,0.0,Paaijmans et al. 2013,An. stephensi,,,,
e2a,36.0,0.0,Paaijmans et al. 2013,An. stephensi,,,,
e2a,36.0,0.0,Paaijmans et al. 2013,An. stephensi,,,,
e2a,36.0,0.0,Paaijmans et al. 2013,An. stephensi,,,,
e2a,36.0,0.0,Paaijmans et al. 2013,An. stephensi,,,,
e2a,36.0,0.0,Paaijmans et al. 2013,An. stephensi,,,,
a,21.0,0.19379845,Shapiro et al. 2017,An. stephensi,,,,
a,24.0,0.249376559,Shapiro et al. 2017,An. stephensi,,,,
a,27.0,0.295857988,Shapiro et al. 2017,An. stephensi,,,,
a,30.0,0.341296928,Shapiro et al. 2017,An. stephensi,,,,
a,32.0,0.380228137,Shapiro et al. 2017,An. stephensi,,,,
a,34.0,0.436681223,Shapiro et al. 2017,An. stephensi,,,,
a,21.0,0.194931774,Shapiro et al. 2017,An. stephensi,,,,
a,24.0,0.240963855,Shapiro et al. 2017,An. stephensi,,,,
a,27.0,0.294985251,Shapiro et al. 2017,An. stephensi,,,,
a,30.0,0.327868852,Shapiro et al. 2017,An. stephensi,,,,
a,32.0,0.371747212,Shapiro et al. 2017,An. stephensi,,,,
a,34.0,0.389105058,Shapiro et al. 2017,An. stephensi,,,,
a,22.0,0.19230769,Paaijmans et al. 2013,An. stephensi,,,,
a,24.0,0.2,Paaijmans et al. 2013,An. stephensi,,,,
a,26.0,0.24390244,Paaijmans et al. 2013,An. stephensi,,,,
a,22.0,0.2222222,Paaijmans et al. 2013,An. stephensi,,,,
a,24.0,0.22727273,Paaijmans et al. 2013,An. stephensi,,,,
a,26.0,0.27027027,Paaijmans et al. 2013,An. stephensi,,,,
bc.succ,21.0,40.0,Shapiro et al. 2017,An. stephensi,P. falciparum,,,
bc.succ,24.0,51.0,Shapiro et al. 2017,An. stephensi,P. falciparum,,,
bc.succ,27.0,57.0,Shapiro et al. 2017,An. stephensi,P. falciparum,,,
bc.succ,30.0,43.0,Shapiro et al. 2017,An. stephensi,P. falciparum,,,
bc.succ,32.0,40.0,Shapiro et al. 2017,An. stephensi,P. falciparum,,,
bc.succ,34.0,34.0,Shapiro et al. 2017,An. stephensi,P. falciparum,,,
bc.succ,21.0,64.0,Shapiro et al. 2017,An. stephensi,P. falciparum,,,
bc.succ,24.0,70.0,Shapiro et al. 2017,An. stephensi,P. falciparum,,,
bc.succ,27.0,62.0,Shapiro et al. 2017,An. stephensi,P. falciparum,,,
bc.succ,30.0,45.0,Shapiro et al. 2017,An. stephensi,P. falciparum,,,
bc.succ,32.0,42.0,Shapiro et al. 2017,An. stephensi,P. falciparum,,,
bc.succ,34.0,40.0,Shapiro et al. 2017,An. stephensi,P. falciparum,,,
mdr,16.0,0.031792,Paaijmans et al. 2013,An. stephensi,,,,
mdr,16.0,0.030303,Paaijmans et al. 2013,An. stephensi,,,,
mdr,16.0,0.028571,Paaijmans et al. 2013,An. stephensi,,,,
mdr,16.0,0.030928,Paaijmans et al. 2013,An. stephensi,,,,
mdr,18.0,0.045007032,Paaijmans et al. 2013,An. stephensi,,,,
mdr,18.0,0.042792793,Paaijmans et al. 2013,An. stephensi,,,,
mdr,18.0,0.042780749,Paaijmans et al. 2013,An. stephensi,,,,
mdr,18.0,0.044182622,Paaijmans et al. 2013,An. stephensi,,,,
mdr,18.0,0.04625,Paaijmans et al. 2013,An. stephensi,,,,
mdr,18.0,0.044382802,Paaijmans et al. 2013,An. stephensi,,,,
mdr,20.0,0.060606061,Paaijmans et al. 2013,An. stephensi,,,,
mdr,20.0,0.061181435,Paaijmans et al. 2013,An. stephensi,,,,
mdr,20.0,0.05952381,Paaijmans et al. 2013,An. stephensi,,,,
mdr,20.0,0.059440559,Paaijmans et al. 2013,An. stephensi,,,,
mdr,20.0,0.060283688,Paaijmans et al. 2013,An. stephensi,,,,
mdr,20.0,0.060514372,Paaijmans et al. 2013,An. stephensi,,,,
mdr,22.0,0.077199282,Paaijmans et al. 2013,An. stephensi,,,,
mdr,22.0,0.075268817,Paaijmans et al. 2013,An. stephensi,,,,
mdr,22.0,0.075134168,Paaijmans et al. 2013,An. stephensi,,,,
mdr,22.0,0.076106195,Paaijmans et al. 2013,An. stephensi,,,,
mdr,22.0,0.076045627,Paaijmans et al. 2013,An. stephensi,,,,
mdr,22.0,0.073929961,Paaijmans et al. 2013,An. stephensi,,,,
mdr,24.0,0.092631579,Paaijmans et al. 2013,An. stephensi,,,,
mdr,24.0,0.089805825,Paaijmans et al. 2013,An. stephensi,,,,
mdr,24.0,0.090047393,Paaijmans et al. 2013,An. stephensi,,,,
mdr,24.0,0.090712743,Paaijmans et al. 2013,An. stephensi,,,,
mdr,24.0,0.092213115,Paaijmans et al. 2013,An. stephensi,,,,
mdr,24.0,0.09009009,Paaijmans et al. 2013,An. stephensi,,,,
mdr,26.0,0.104910714,Paaijmans et al. 2013,An. stephensi,,,,
mdr,26.0,0.100795756,Paaijmans et al. 2013,An. stephensi,,,,
mdr,26.0,0.101928375,Paaijmans et al. 2013,An. stephensi,,,,
mdr,26.0,0.103448276,Paaijmans et al. 2013,An. stephensi,,,,
mdr,26.0,0.105882353,Paaijmans et al. 2013,An. stephensi,,,,
mdr,26.0,0.103225806,Paaijmans et al. 2013,An. stephensi,,,,
mdr,28.0,0.118644068,Paaijmans et al. 2013,An. stephensi,,,,
mdr,28.0,0.1171875,Paaijmans et al. 2013,An. stephensi,,,,
mdr,28.0,0.115384615,Paaijmans et al. 2013,An. stephensi,,,,
mdr,28.0,0.11884058,Paaijmans et al. 2013,An. stephensi,,,,
mdr,28.0,0.117845118,Paaijmans et al. 2013,An. stephensi,,,,
mdr,28.0,0.119897959,Paaijmans et al. 2013,An. stephensi,,,,
mdr,30.0,0.121693122,Paaijmans et al. 2013,An. stephensi,,,,
mdr,30.0,0.125401929,Paaijmans et al. 2013,An. stephensi,,,,
mdr,30.0,0.119863014,Paaijmans et al. 2013,An. stephensi,,,,
mdr,30.0,0.122977346,Paaijmans et al. 2013,An. stephensi,,,,
mdr,30.0,0.122905028,Paaijmans et al. 2013,An. stephensi,,,,
mdr,30.0,0.121580547,Paaijmans et al. 2013,An. stephensi,,,,
mdr,32.0,0.127725857,Paaijmans et al. 2013,An. stephensi,,,,
mdr,32.0,0.126153846,Paaijmans et al. 2013,An. stephensi,,,,
mdr,32.0,0.128301887,Paaijmans et al. 2013,An. stephensi,,,,
mdr,32.0,0.125,Paaijmans et al. 2013,An. stephensi,,,,
mdr,32.0,0.128834356,Paaijmans et al. 2013,An. stephensi,,,,
mdr,32.0,0.128133705,Paaijmans et al. 2013,An. stephensi,,,,
mdr,34.0,0.127819549,Paaijmans et al. 2013,An. stephensi,,,,
mdr,34.0,0.126623377,Paaijmans et al. 2013,An. stephensi,,,,
mdr,34.0,0.12455516,Paaijmans et al. 2013,An. stephensi,,,,
mdr,34.0,0.12195122,Paaijmans et al. 2013,An. stephensi,,,,
mdr,34.0,0.123636364,Paaijmans et al. 2013,An. stephensi,,,,
mdr,34.0,0.13,Paaijmans et al. 2013,An. stephensi,,,,
mu,21.0,0.109,Shapiro et al. 2017,An. stephensi,,,,
mu,24.0,0.113,Shapiro et al. 2017,An. stephensi,,,,
mu,27.0,0.126,Shapiro et al. 2017,An. stephensi,,,,
mu,30.0,0.15,Shapiro et al. 2017,An. stephensi,,,,
mu,32.0,0.171,Shapiro et al. 2017,An. stephensi,,,,
mu,34.0,0.197,Shapiro et al. 2017,An. stephensi,,,,
mu,16.0,0.0523,Kerri 2019,An. stephensi,,,,
mu,20.0,0.0641,Kerri 2019,An. stephensi,,,,
mu,24.0,0.0617,Kerri 2019,An. stephensi,,,,
mu,28.0,0.0833,Kerri 2019,An. stephensi,,,,
mu,32.0,0.1417,Kerri 2019,An. stephensi,,,,
mu,36.0,0.2419,Kerri 2019,An. stephensi,,,,
mu,16.0,0.0719,Kerri 2019,An. stephensi,,,,
mu,20.0,0.0628,Kerri 2019,An. stephensi,,,,
mu,24.0,0.0654,Kerri 2019,An. stephensi,,,,
mu,28.0,0.085,Kerri 2019,An. stephensi,,,,
mu,32.0,0.1241,Kerri 2019,An. stephensi,,,,
mu,36.0,0.2698,Kerri 2019,An. stephensi,,,,
mu,28.0,0.0864,Kerri 2019,An. stephensi,,,,
efd,16.0,6.340277778,Murdock et al. 2019,An. stephensi,,,,
efd,16.0,0.0,Murdock et al. 2019,An. stephensi,,,,
efd,16.0,2.807692308,Murdock et al. 2019,An. stephensi,,,,
efd,16.0,11.07215007,Murdock et al. 2019,An. stephensi,,,,
efd,16.0,17.10294118,Murdock et al. 2019,An. stephensi,,,,
efd,16.0,6.055555556,Murdock et al. 2019,An. stephensi,,,,
efd,16.0,7.211111111,Murdock et al. 2019,An. stephensi,,,,
efd,16.0,7.664215688,Murdock et al. 2019,An. stephensi,,,,
efd,16.0,0.0,Murdock et al. 2019,An. stephensi,,,,
efd,16.0,0.363636364,Murdock et al. 2019,An. stephensi,,,,
efd,16.0,3.550724638,Murdock et al. 2019,An. stephensi,,,,
efd,16.0,10.80357143,Murdock et al. 2019,An. stephensi,,,,
efd,16.0,0.0,Murdock et al. 2019,An. stephensi,,,,
efd,16.0,9.726010101,Murdock et al. 2019,An. stephensi,,,,
efd,16.0,15.55555556,Murdock et al. 2019,An. stephensi,,,,
efd,16.0,11.17916667,Murdock et al. 2019,An. stephensi,,,,
efd,16.0,0.0,Murdock et al. 2019,An. stephensi,,,,
efd,16.0,4.357463524,Murdock et al. 2019,An. stephensi,,,,
efd,16.0,7.308333334,Murdock et al. 2019,An. stephensi,,,,
efd,16.0,12.62222222,Murdock et al. 2019,An. stephensi,,,,
efd,16.0,0.375168691,Murdock et al. 2019,An. stephensi,,,,
efd,16.0,7.927192982,Murdock et al. 2019,An. stephensi,,,,
efd,16.0,13.69444445,Murdock et al. 2019,An. stephensi,,,,
efd,16.0,10.58918651,Murdock et al. 2019,An. stephensi,,,,
efd,16.0,0.0,Murdock et al. 2019,An. stephensi,,,,
efd,16.0,0.0,Murdock et al. 2019,An. stephensi,,,,
efd,16.0,0.875,Murdock et al. 2019,An. stephensi,,,,
efd,16.0,0.0,Murdock et al. 2019,An. stephensi,,,,
efd,16.0,11.30952381,Murdock et al. 2019,An. stephensi,,,,
efd,16.0,6.724867724,Murdock et al. 2019,An. stephensi,,,,
efd,16.0,3.0,Murdock et al. 2019,An. stephensi,,,,
efd,16.0,5.133333334,Murdock et al. 2019,An. stephensi,,,,
efd,16.0,0.0,Murdock et al. 2019,An. stephensi,,,,
efd,16.0,0.0,Murdock et al. 2019,An. stephensi,,,,
efd,16.0,9.290640396,Murdock et al. 2019,An. stephensi,,,,
efd,16.0,6.266666667,Murdock et al. 2019,An. stephensi,,,,
efd,16.0,9.444444444,Murdock et al. 2019,An. stephensi,,,,
efd,16.0,5.023809524,Murdock et al. 2019,An. stephensi,,,,
efd,16.0,7.0,Murdock et al. 2019,An. stephensi,,,,
efd,16.0,1.029411765,Murdock et al. 2019,An. stephensi,,,,
efd,16.0,0.0,Murdock et al. 2019,An. stephensi,,,,
efd,16.0,0.0,Murdock et al. 2019,An. stephensi,,,,
efd,16.0,0.0,Murdock et al. 2019,An. stephensi,,,,
efd,16.0,0.0,Murdock et al. 2019,An. stephensi,,,,
efd,16.0,6.631944445,Murdock et al. 2019,An. stephensi,,,,
efd,16.0,10.67676768,Murdock et al. 2019,An. stephensi,,,,
efd,16.0,7.964285715,Murdock et al. 2019,An. stephensi,,,,
efd,16.0,1.75,Murdock et al. 2019,An. stephensi,,,,
efd,16.0,8.900641026,Murdock et al. 2019,An. stephensi,,,,
efd,16.0,3.125,Murdock et al. 2019,An. stephensi,,,,
efd,16.0,7.34047619,Murdock et al. 2019,An. stephensi,,,,
efd,16.0,0.0,Murdock et al. 2019,An. stephensi,,,,
efd,16.0,6.448717949,Murdock et al. 2019,An. stephensi,,,,
efd,16.0,0.0,Murdock et al. 2019,An. stephensi,,,,
efd,16.0,6.809027778,Murdock et al. 2019,An. stephensi,,,,
efd,16.0,0.75,Murdock et al. 2019,An. stephensi,,,,
efd,16.0,6.355145928,Murdock et al. 2019,An. stephensi,,,,
efd,16.0,3.086956522,Murdock et al. 2019,An. stephensi,,,,
efd,16.0,7.353846154,Murdock et al. 2019,An. stephensi,,,,
efd,16.0,0.0,Murdock et al. 2019,An. stephensi,,,,
efd,20.0,17.25662879,Murdock et al. 2019,An. stephensi,,,,
efd,20.0,12.00108225,Murdock et al. 2019,An. stephensi,,,,
efd,20.0,3.805813954,Murdock et al. 2019,An. stephensi,,,,
efd,20.0,0.0,Murdock et al. 2019,An. stephensi,,,,
efd,20.0,10.85714286,Murdock et al. 2019,An. stephensi,,,,
efd,20.0,9.5,Murdock et al. 2019,An. stephensi,,,,
efd,20.0,5.225735294,Murdock et al. 2019,An. stephensi,,,,
efd,20.0,11.19711539,Murdock et al. 2019,An. stephensi,,,,
efd,20.0,12.86666667,Murdock et al. 2019,An. stephensi,,,,
efd,20.0,9.269675926,Murdock et al. 2019,An. stephensi,,,,
efd,20.0,9.565217391,Murdock et al. 2019,An. stephensi,,,,
efd,20.0,0.0,Murdock et al. 2019,An. stephensi,,,,
efd,20.0,2.066666667,Murdock et al. 2019,An. stephensi,,,,
efd,20.0,13.16071429,Murdock et al. 2019,An. stephensi,,,,
efd,20.0,0.0,Murdock et al. 2019,An. stephensi,,,,
efd,20.0,3.732952434,Murdock et al. 2019,An. stephensi,,,,
efd,20.0,0.0,Murdock et al. 2019,An. stephensi,,,,
efd,20.0,2.777777778,Murdock et al. 2019,An. stephensi,,,,
efd,20.0,0.0,Murdock et al. 2019,An. stephensi,,,,
efd,20.0,9.167953666,Murdock et al. 2019,An. stephensi,,,,
efd,20.0,10.05685936,Murdock et al. 2019,An. stephensi,,,,
efd,20.0,0.0,Murdock et al. 2019,An. stephensi,,,,
efd,20.0,0.0,Murdock et al. 2019,An. stephensi,,,,
efd,20.0,7.528846154,Murdock et al. 2019,An. stephensi,,,,
efd,20.0,6.124637684,Murdock et al. 2019,An. stephensi,,,,
efd,20.0,4.444444445,Murdock et al. 2019,An. stephensi,,,,
efd,20.0,25.70653908,Murdock et al. 2019,An. stephensi,,,,
efd,20.0,5.244817927,Murdock et al. 2019,An. stephensi,,,,
efd,20.0,0.0,Murdock et al. 2019,An. stephensi,,,,
efd,20.0,12.8563447,Murdock et al. 2019,An. stephensi,,,,
efd,20.0,7.383091788,Murdock et al. 2019,An. stephensi,,,,
efd,20.0,8.59077381,Murdock et al. 2019,An. stephensi,,,,
efd,20.0,0.0,Murdock et al. 2019,An. stephensi,,,,
efd,20.0,5.551587302,Murdock et al. 2019,An. stephensi,,,,
efd,20.0,11.6468254,Murdock et al. 2019,An. stephensi,,,,
efd,20.0,0.0,Murdock et al. 2019,An. stephensi,,,,
efd,20.0,20.08333334,Murdock et al. 2019,An. stephensi,,,,
efd,20.0,8.727272727,Murdock et al. 2019,An. stephensi,,,,
efd,20.0,10.21354167,Murdock et al. 2019,An. stephensi,,,,
efd,20.0,2.032258065,Murdock et al. 2019,An. stephensi,,,,
efd,20.0,0.0,Murdock et al. 2019,An. stephensi,,,,
efd,20.0,0.0,Murdock et al. 2019,An. stephensi,,,,
efd,20.0,15.14298246,Murdock et al. 2019,An. stephensi,,,,
efd,20.0,0.0,Murdock et al. 2019,An. stephensi,,,,
efd,20.0,8.961290323,Murdock et al. 2019,An. stephensi,,,,
efd,20.0,11.56778712,Murdock et al. 2019,An. stephensi,,,,
efd,20.0,11.69722222,Murdock et al. 2019,An. stephensi,,,,
efd,20.0,10.88888889,Murdock et al. 2019,An. stephensi,,,,
efd,20.0,12.26666667,Murdock et al. 2019,An. stephensi,,,,
efd,20.0,3.272727273,Murdock et al. 2019,An. stephensi,,,,
efd,20.0,16.2253663,Murdock et al. 2019,An. stephensi,,,,
efd,20.0,6.291723336,Murdock et al. 2019,An. stephensi,,,,
efd,20.0,5.896165414,Murdock et al. 2019,An. stephensi,,,,
efd,20.0,5.649979649,Murdock et al. 2019,An. stephensi,,,,
efd,20.0,13.25,Murdock et al. 2019,An. stephensi,,,,
efd,20.0,2.055555556,Murdock et al. 2019,An. stephensi,,,,
efd,20.0,12.6090703,Murdock et al. 2019,An. stephensi,,,,
efd,20.0,16.59973545,Murdock et al. 2019,An. stephensi,,,,
efd,20.0,13.77525253,Murdock et al. 2019,An. stephensi,,,,
efd,20.0,10.55,Murdock et al. 2019,An. stephensi,,,,
efd,24.0,11.93181818,Murdock et al. 2019,An. stephensi,,,,
efd,24.0,8.2,Murdock et al. 2019,An. stephensi,,,,
efd,24.0,0.0,Murdock et al. 2019,An. stephensi,,,,
efd,24.0,8.363636364,Murdock et al. 2019,An. stephensi,,,,
efd,24.0,18.38333333,Murdock et al. 2019,An. stephensi,,,,
efd,24.0,0.0,Murdock et al. 2019,An. stephensi,,,,
efd,24.0,34.63690476,Murdock et al. 2019,An. stephensi,,,,
efd,24.0,14.32291667,Murdock et al. 2019,An. stephensi,,,,
efd,24.0,27.42361111,Murdock et al. 2019,An. stephensi,,,,
efd,24.0,31.08901515,Murdock et al. 2019,An. stephensi,,,,
efd,24.0,22.86581633,Murdock et al. 2019,An. stephensi,,,,
efd,24.0,21.34439776,Murdock et al. 2019,An. stephensi,,,,
efd,24.0,0.0,Murdock et al. 2019,An. stephensi,,,,
efd,24.0,0.4,Murdock et al. 2019,An. stephensi,,,,
efd,24.0,1.0,Murdock et al. 2019,An. stephensi,,,,
efd,24.0,20.11448413,Murdock et al. 2019,An. stephensi,,,,
efd,24.0,4.473389356,Murdock et al. 2019,An. stephensi,,,,
efd,24.0,20.85470086,Murdock et al. 2019,An. stephensi,,,,
efd,24.0,22.87313725,Murdock et al. 2019,An. stephensi,,,,
efd,24.0,11.38630952,Murdock et al. 2019,An. stephensi,,,,
efd,24.0,33.47916667,Murdock et al. 2019,An. stephensi,,,,
efd,24.0,16.9750817,Murdock et al. 2019,An. stephensi,,,,
efd,24.0,19.60119048,Murdock et al. 2019,An. stephensi,,,,
efd,24.0,0.0,Murdock et al. 2019,An. stephensi,,,,
efd,24.0,9.58125,Murdock et al. 2019,An. stephensi,,,,
efd,24.0,28.51813591,Murdock et al. 2019,An. stephensi,,,,
efd,24.0,24.97261905,Murdock et al. 2019,An. stephensi,,,,
efd,24.0,13.89473684,Murdock et al. 2019,An. stephensi,,,,
efd,24.0,15.83042328,Murdock et al. 2019,An. stephensi,,,,
efd,24.0,13.12946429,Murdock et al. 2019,An. stephensi,,,,
efd,24.0,19.72222222,Murdock et al. 2019,An. stephensi,,,,
efd,24.0,6.910526316,Murdock et al. 2019,An. stephensi,,,,
efd,24.0,8.230769231,Murdock et al. 2019,An. stephensi,,,,
efd,24.0,11.01,Murdock et al. 2019,An. stephensi,,,,
efd,24.0,15.48141145,Murdock et al. 2019,An. stephensi,,,,
efd,24.0,0.0,Murdock et al. 2019,An. stephensi,,,,
efd,24.0,14.67001425,Murdock et al. 2019,An. stephensi,,,,
efd,24.0,13.35714286,Murdock et al. 2019,An. stephensi,,,,
efd,24.0,15.15789474,Murdock et al. 2019,An. stephensi,,,,
efd,24.0,8.615384616,Murdock et al. 2019,An. stephensi,,,,
efd,24.0,1.583333333,Murdock et al. 2019,An. stephensi,,,,
efd,24.0,0.0,Murdock et al. 2019,An. stephensi,,,,
efd,24.0,8.628205128,Murdock et al. 2019,An. stephensi,,,,
efd,24.0,12.88598291,Murdock et al. 2019,An. stephensi,,,,
efd,24.0,10.93333333,Murdock et al. 2019,An. stephensi,,,,
efd,24.0,18.08181818,Murdock et al. 2019,An. stephensi,,,,
efd,24.0,0.0,Murdock et al. 2019,An. stephensi,,,,
efd,24.0,3.47826087,Murdock et al. 2019,An. stephensi,,,,
efd,24.0,13.65,Murdock et al. 2019,An. stephensi,,,,
efd,24.0,20.43454545,Murdock et al. 2019,An. stephensi,,,,
efd,24.0,0.0,Murdock et al. 2019,An. stephensi,,,,
efd,24.0,13.68590187,Murdock et al. 2019,An. stephensi,,,,
efd,24.0,7.490692641,Murdock et al. 2019,An. stephensi,,,,
efd,24.0,11.9989899,Murdock et al. 2019,An. stephensi,,,,
efd,24.0,9.240740741,Murdock et al. 2019,An. stephensi,,,,
efd,24.0,9.738095237,Murdock et al. 2019,An. stephensi,,,,
efd,24.0,10.26587302,Murdock et al. 2019,An. stephensi,,,,
efd,24.0,13.77017046,Murdock et al. 2019,An. stephensi,,,,
efd,24.0,23.03642857,Murdock et al. 2019,An. stephensi,,,,
efd,24.0,12.22268398,Murdock et al. 2019,An. stephensi,,,,
efd,28.0,10.9631579,Murdock et al. 2019,An. stephensi,,,,
efd,28.0,15.04444444,Murdock et al. 2019,An. stephensi,,,,
efd,28.0,14.58888889,Murdock et al. 2019,An. stephensi,,,,
efd,28.0,35.33333333,Murdock et al. 2019,An. stephensi,,,,
efd,28.0,4.52173913,Murdock et al. 2019,An. stephensi,,,,
efd,28.0,44.19047619,Murdock et al. 2019,An. stephensi,,,,
efd,28.0,0.0,Murdock et al. 2019,An. stephensi,,,,
efd,28.0,11.11111111,Murdock et al. 2019,An. stephensi,,,,
efd,28.0,33.15047619,Murdock et al. 2019,An. stephensi,,,,
efd,28.0,0.0,Murdock et al. 2019,An. stephensi,,,,
efd,28.0,7.0,Murdock et al. 2019,An. stephensi,,,,
efd,28.0,16.5,Murdock et al. 2019,An. stephensi,,,,
efd,28.0,9.750873017,Murdock et al. 2019,An. stephensi,,,,
efd,28.0,4.767643468,Murdock et al. 2019,An. stephensi,,,,
efd,28.0,0.0,Murdock et al. 2019,An. stephensi,,,,
efd,28.0,0.0,Murdock et al. 2019,An. stephensi,,,,
efd,28.0,0.0,Murdock et al. 2019,An. stephensi,,,,
efd,28.0,16.23958334,Murdock et al. 2019,An. stephensi,,,,
efd,28.0,0.0,Murdock et al. 2019,An. stephensi,,,,
efd,28.0,23.47222222,Murdock et al. 2019,An. stephensi,,,,
efd,28.0,21.81865079,Murdock et al. 2019,An. stephensi,,,,
efd,28.0,0.0,Murdock et al. 2019,An. stephensi,,,,
efd,28.0,0.0,Murdock et al. 2019,An. stephensi,,,,
efd,28.0,1.8,Murdock et al. 2019,An. stephensi,,,,
efd,28.0,13.11190476,Murdock et al. 2019,An. stephensi,,,,
efd,28.0,0.0,Murdock et al. 2019,An. stephensi,,,,
efd,28.0,28.59047619,Murdock et al. 2019,An. stephensi,,,,
efd,28.0,24.14262821,Murdock et al. 2019,An. stephensi,,,,
efd,28.0,22.55252525,Murdock et al. 2019,An. stephensi,,,,
efd,28.0,0.0,Murdock et al. 2019,An. stephensi,,,,
efd,28.0,0.0,Murdock et al. 2019,An. stephensi,,,,
efd,28.0,16.93492064,Murdock et al. 2019,An. stephensi,,,,
efd,28.0,22.88333333,Murdock et al. 2019,An. stephensi,,,,
efd,28.0,0.0,Murdock et al. 2019,An. stephensi,,,,
efd,28.0,57.33333333,Murdock et al. 2019,An. stephensi,,,,
efd,28.0,18.43888889,Murdock et al. 2019,An. stephensi,,,,
efd,28.0,0.0,Murdock et al. 2019,An. stephensi,,,,
efd,28.0,0.0,Murdock et al. 2019,An. stephensi,,,,
efd,28.0,0.0,Murdock et al. 2019,An. stephensi,,,,
efd,28.0,19.24603174,Murdock et al. 2019,An. stephensi,,,,
efd,28.0,16.65714286,Murdock et al. 2019,An. stephensi,,,,
efd,28.0,24.40727273,Murdock et al. 2019,An. stephensi,,,,
efd,28.0,0.0,Murdock et al. 2019,An. stephensi,,,,
efd,28.0,1.416666667,Murdock et al. 2019,An. stephensi,,,,
efd,28.0,11.93690476,Murdock et al. 2019,An. stephensi,,,,
efd,28.0,1.875,Murdock et al. 2019,An. stephensi,,,,
efd,28.0,0.0,Murdock et al. 2019,An. stephensi,,,,
efd,28.0,0.0,Murdock et al. 2019,An. stephensi,,,,
efd,28.0,10.79166667,Murdock et al. 2019,An. stephensi,,,,
efd,28.0,0.0,Murdock et al. 2019,An. stephensi,,,,
efd,28.0,0.0,Murdock et al. 2019,An. stephensi,,,,
efd,28.0,31.0,Murdock et al. 2019,An. stephensi,,,,
efd,28.0,3.208333334,Murdock et al. 2019,An. stephensi,,,,
efd,28.0,28.07275132,Murdock et al. 2019,An. stephensi,,,,
efd,28.0,28.09027778,Murdock et al. 2019,An. stephensi,,,,
efd,28.0,13.52282051,Murdock et al. 2019,An. stephensi,,,,
efd,28.0,0.0,Murdock et al. 2019,An. stephensi,,,,
efd,28.0,5.857142857,Murdock et al. 2019,An. stephensi,,,,
efd,28.0,24.83333333,Murdock et al. 2019,An. stephensi,,,,
efd,28.0,22.3,Murdock et al. 2019,An. stephensi,,,,
efd,28.0,17.96666667,Murdock et al. 2019,An. stephensi,,,,
efd,28.0,17.36111111,Murdock et al. 2019,An. stephensi,,,,
efd,28.0,9.076923077,Murdock et al. 2019,An. stephensi,,,,
efd,28.0,37.35416667,Murdock et al. 2019,An. stephensi,,,,
efd,28.0,12.729198,Murdock et al. 2019,An. stephensi,,,,
efd,28.0,0.5,Murdock et al. 2019,An. stephensi,,,,
efd,28.0,15.75,Murdock et al. 2019,An. stephensi,,,,
efd,28.0,17.85284271,Murdock et al. 2019,An. stephensi,,,,
efd,28.0,35.06136364,Murdock et al. 2019,An. stephensi,,,,
efd,28.0,1.483870968,Murdock et al. 2019,An. stephensi,,,,
efd,28.0,25.93939394,Murdock et al. 2019,An. stephensi,,,,
efd,28.0,0.0,Murdock et al. 2019,An. stephensi,,,,
efd,28.0,27.575,Murdock et al. 2019,An. stephensi,,,,
efd,28.0,33.54166667,Murdock et al. 2019,An. stephensi,,,,
efd,28.0,20.12433863,Murdock et al. 2019,An. stephensi,,,,
efd,28.0,11.90666667,Murdock et al. 2019,An. stephensi,,,,
efd,28.0,18.86803351,Murdock et al. 2019,An. stephensi,,,,
efd,28.0,19.93809524,Murdock et al. 2019,An. stephensi,,,,
efd,28.0,0.0,Murdock et al. 2019,An. stephensi,,,,
efd,28.0,15.71428571,Murdock et al. 2019,An. stephensi,,,,
efd,28.0,29.45666667,Murdock et al. 2019,An. stephensi,,,,
efd,28.0,0.0,Murdock et al. 2019,An. stephensi,,,,
efd,28.0,0.0,Murdock et al. 2019,An. stephensi,,,,
efd,28.0,17.62777778,Murdock et al. 2019,An. stephensi,,,,
efd,28.0,1.513513514,Murdock et al. 2019,An. stephensi,,,,
efd,28.0,21.80267857,Murdock et al. 2019,An. stephensi,,,,
efd,28.0,0.0,Murdock et al. 2019,An. stephensi,,,,
efd,28.0,22.72032828,Murdock et al. 2019,An. stephensi,,,,
efd,28.0,42.70833333,Murdock et al. 2019,An. stephensi,,,,
efd,28.0,8.85,Murdock et al. 2019,An. stephensi,,,,
efd,32.0,0.0,Murdock et al. 2019,An. stephensi,,,,
efd,32.0,33.06666667,Murdock et al. 2019,An. stephensi,,,,
efd,32.0,24.26111111,Murdock et al. 2019,An. stephensi,,,,
efd,32.0,0.0,Murdock et al. 2019,An. stephensi,,,,
efd,32.0,33.42333333,Murdock et al. 2019,An. stephensi,,,,
efd,32.0,3.0,Murdock et al. 2019,An. stephensi,,,,
efd,32.0,0.0,Murdock et al. 2019,An. stephensi,,,,
efd,32.0,0.0,Murdock et al. 2019,An. stephensi,,,,
efd,32.0,15.38461539,Murdock et al. 2019,An. stephensi,,,,
efd,32.0,1.833333333,Murdock et al. 2019,An. stephensi,,,,
efd,32.0,15.89285715,Murdock et al. 2019,An. stephensi,,,,
efd,32.0,0.0,Murdock et al. 2019,An. stephensi,,,,
efd,32.0,0.0,Murdock et al. 2019,An. stephensi,,,,
efd,32.0,7.230769231,Murdock et al. 2019,An. stephensi,,,,
efd,32.0,33.0,Murdock et al. 2019,An. stephensi,,,,
efd,32.0,17.3,Murdock et al. 2019,An. stephensi,,,,
efd,32.0,21.71428571,Murdock et al. 2019,An. stephensi,,,,
efd,32.0,40.5,Murdock et al. 2019,An. stephensi,,,,
efd,32.0,34.68333333,Murdock et al. 2019,An. stephensi,,,,
efd,32.0,35.24375,Murdock et al. 2019,An. stephensi,,,,
efd,32.0,7.75,Murdock et al. 2019,An. stephensi,,,,
efd,32.0,12.11111111,Murdock et al. 2019,An. stephensi,,,,
efd,32.0,0.0,Murdock et al. 2019,An. stephensi,,,,
efd,32.0,35.15,Murdock et al. 2019,An. stephensi,,,,
efd,32.0,1.777777778,Murdock et al. 2019,An. stephensi,,,,
efd,32.0,0.0,Murdock et al. 2019,An. stephensi,,,,
efd,32.0,54.0,Murdock et al. 2019,An. stephensi,,,,
efd,32.0,0.0,Murdock et al. 2019,An. stephensi,,,,
efd,32.0,0.0,Murdock et al. 2019,An. stephensi,,,,
efd,32.0,0.0,Murdock et al. 2019,An. stephensi,,,,
efd,32.0,18.58888889,Murdock et al. 2019,An. stephensi,,,,
efd,32.0,17.325,Murdock et al. 2019,An. stephensi,,,,
efd,32.0,23.15,Murdock et al. 2019,An. stephensi,,,,
efd,32.0,22.62916667,Murdock et al. 2019,An. stephensi,,,,
efd,32.0,25.3,Murdock et al. 2019,An. stephensi,,,,
efd,32.0,20.65,Murdock et al. 2019,An. stephensi,,,,
efd,32.0,25.27777778,Murdock et al. 2019,An. stephensi,,,,
efd,32.0,24.63333334,Murdock et al. 2019,An. stephensi,,,,
efd,32.0,0.0,Murdock et al. 2019,An. stephensi,,,,
efd,32.0,17.17333333,Murdock et al. 2019,An. stephensi,,,,
efd,32.0,0.0,Murdock et al. 2019,An. stephensi,,,,
efd,32.0,17.43333333,Murdock et al. 2019,An. stephensi,,,,
efd,32.0,22.25,Murdock et al. 2019,An. stephensi,,,,
efd,32.0,6.833333333,Murdock et al. 2019,An. stephensi,,,,
efd,32.0,27.22083333,Murdock et al. 2019,An. stephensi,,,,
efd,32.0,3.8,Murdock et al. 2019,An. stephensi,,,,
efd,32.0,36.25555555,Murdock et al. 2019,An. stephensi,,,,
efd,32.0,7.25,Murdock et al. 2019,An. stephensi,,,,
efd,32.0,0.0,Murdock et al. 2019,An. stephensi,,,,
efd,32.0,32.14444445,Murdock et al. 2019,An. stephensi,,,,
efd,32.0,13.46666667,Murdock et al. 2019,An. stephensi,,,,
efd,32.0,16.36875,Murdock et al. 2019,An. stephensi,,,,
efd,32.0,12.73148148,Murdock et al. 2019,An. stephensi,,,,
efd,32.0,24.33333334,Murdock et al. 2019,An. stephensi,,,,
efd,32.0,28.703125,Murdock et al. 2019,An. stephensi,,,,
efd,32.0,15.60333333,Murdock et al. 2019,An. stephensi,,,,
efd,32.0,20.3952381,Murdock et al. 2019,An. stephensi,,,,
efd,32.0,22.5,Murdock et al. 2019,An. stephensi,,,,
efd,32.0,20.64107143,Murdock et al. 2019,An. stephensi,,,,
efd,36.0,0.0,Murdock et al. 2019,An. stephensi,,,,
efd,36.0,52.66666667,Murdock et al. 2019,An. stephensi,,,,
efd,36.0,0.0,Murdock et al. 2019,An. stephensi,,,,
efd,36.0,9.6,Murdock et al. 2019,An. stephensi,,,,
efd,36.0,35.75,Murdock et al. 2019,An. stephensi,,,,
efd,36.0,36.33333333,Murdock et al. 2019,An. stephensi,,,,
efd,36.0,0.0,Murdock et al. 2019,An. stephensi,,,,
efd,36.0,22.75,Murdock et al. 2019,An. stephensi,,,,
efd,36.0,10.0,Murdock et al. 2019,An. stephensi,,,,
efd,36.0,30.55555556,Murdock et al. 2019,An. stephensi,,,,
efd,36.0,30.05,Murdock et al. 2019,An. stephensi,,,,
efd,36.0,0.0,Murdock et al. 2019,An. stephensi,,,,
efd,36.0,67.0,Murdock et al. 2019,An. stephensi,,,,
efd,36.0,0.0,Murdock et al. 2019,An. stephensi,,,,
efd,36.0,0.0,Murdock et al. 2019,An. stephensi,,,,
efd,36.0,32.0,Murdock et al. 2019,An. stephensi,,,,
efd,36.0,23.0,Murdock et al. 2019,An. stephensi,,,,
efd,36.0,0.0,Murdock et al. 2019,An. stephensi,,,,
efd,36.0,0.0,Murdock et al. 2019,An. stephensi,,,,
efd,36.0,0.0,Murdock et al. 2019,An. stephensi,,,,
efd,36.0,0.0,Murdock et al. 2019,An. stephensi,,,,
efd,36.0,22.66666667,Murdock et al. 2019,An. stephensi,,,,
efd,36.0,35.86666667,Murdock et al. 2019,An. stephensi,,,,
efd,36.0,18.5,Murdock et al. 2019,An. stephensi,,,,
efd,36.0,0.0,Murdock et al. 2019,An. stephensi,,,,
efd,36.0,0.0,Murdock et al. 2019,An. stephensi,,,,
efd,36.0,32.0,Murdock et al. 2019,An. stephensi,,,,
efd,36.0,0.0,Murdock et al. 2019,An. stephensi,,,,
efd,36.0,18.0,Murdock et al. 2019,An. stephensi,,,,
efd,36.0,16.2,Murdock et al. 2019,An. stephensi,,,,
efd,36.0,0.0,Murdock et al. 2019,An. stephensi,,,,
efd,36.0,0.0,Murdock et al. 2019,An. stephensi,,,,
efd,36.0,15.425,Murdock et al. 2019,An. stephensi,,,,
efd,36.0,15.76666667,Murdock et al. 2019,An. stephensi,,,,
efd,36.0,0.0,Murdock et al. 2019,An. stephensi,,,,
efd,36.0,2.2,Murdock et al. 2019,An. stephensi,,,,
efd,36.0,20.3,Murdock et al. 2019,An. stephensi,,,,
efd,36.0,0.0,Murdock et al. 2019,An. stephensi,,,,
efd,36.0,7.333333333,Murdock et al. 2019,An. stephensi,,,,
efd,36.0,0.0,Murdock et al. 2019,An. stephensi,,,,
efd,36.0,1.222222222,Murdock et al. 2019,An. stephensi,,,,
efd,36.0,0.0,Murdock et al. 2019,An. stephensi,,,,
efd,36.0,23.5,Murdock et al. 2019,An. stephensi,,,,
efd,36.0,8.333333333,Murdock et al. 2019,An. stephensi,,,,
efd,36.0,0.0,Murdock et al. 2019,An. stephensi,,,,
efd,36.0,8.208333334,Murdock et al. 2019,An. stephensi,,,,
efd,36.0,18.65555556,Murdock et al. 2019,An. stephensi,,,,
efd,36.0,5.583333334,Murdock et al. 2019,An. stephensi,,,,
efd,36.0,12.0,Murdock et al. 2019,An. stephensi,,,,
efd,36.0,29.33333333,Murdock et al. 2019,An. stephensi,,,,
efd,36.0,16.08333334,Murdock et al. 2019,An. stephensi,,,,
efd,36.0,0.0,Murdock et al. 2019,An. stephensi,,,,
efd,36.0,0.0,Murdock et al. 2019,An. stephensi,,,,
efd,36.0,4.375,Murdock et al. 2019,An. stephensi,,,,
efd,36.0,15.33333333,Murdock et al. 2019,An. stephensi,,,,
efd,36.0,0.0,Murdock et al. 2019,An. stephensi,,,,
efd,36.0,0.0,Murdock et al. 2019,An. stephensi,,,,
efd,36.0,9.05,Murdock et al. 2019,An. stephensi,,,,
efd,36.0,11.61904762,Murdock et al. 2019,An. stephensi,,,,
efd,36.0,13.275,Murdock et al. 2019,An. stephensi,,,,
efd,36.0,19.66666667,Murdock et al. 2019,An. stephensi,,,,
mdr,22,0.0053475935828877,Moghadam2023,An. stephensi,,High,,larval development rate (1/days)
mdr,27,0.005291005291005291,Moghadam2023,An. stephensi,,High,,larval development rate (1/days)
mdr,30,0.005494505494505495,Moghadam2023,An. stephensi,,High,,larval development rate (1/days)
mdr,32,0.005813953488372093,Moghadam2023,An. stephensi,,High,,larval development rate (1/days)
mdr,22,0.00558659217877095,Moghadam2023,An. stephensi,,Low,,larval development rate (1/days)
mdr,27,0.005494505494505495,Moghadam2023,An. stephensi,,Low,,larval development rate (1/days)
mdr,30,0.005714285714285714,Moghadam2023,An. stephensi,,Low,,larval development rate (1/days)
mdr,32,0.006896551724137931,Moghadam2023,An. stephensi,,Low,,larval development rate (1/days)
larva_survival,22,0.935,Moghadam2023,An. stephensi,,High,,larval survival (1 - mortality)
larva_survival,27,0.945,Moghadam2023,An. stephensi,,High,,larval survival (1 - mortality)
larva_survival,30,0.905,Moghadam2023,An. stephensi,,High,,larval survival (1 - mortality)
larva_survival,32,0.855,Moghadam2023,An. stephensi,,High,,larval survival (1 - mortality)
larva_survival,22,0.89,Moghadam2023,An. stephensi,,Low,,larval survival (1 - mortality)
larva_survival,27,0.9,Moghadam2023,An. stephensi,,Low,,larval survival (1 - mortality)
larva_survival,30,0.875,Moghadam2023,An. stephensi,,Low,,larval survival (1 - mortality)
larva_survival,32,0.7150000000000001,Moghadam2023,An. stephensi,,Low,,larval survival (1 - mortality)
efd,,65.5 ± 5.2,Moghadam2023,An. stephensi,,high,female,eggs oviposited
efd,,136.8 ± 64.2,Moghadam2023,An. stephensi,,high,female,eggs oviposited
efd,,113.0 ± 17.0,Moghadam2023,An. stephensi,,high,female,eggs oviposited
efd,,93.5 ± 27.7,Moghadam2023,An. stephensi,,high,female,eggs oviposited
bc.succ,,0.25,Moghadam2023,An. stephensi,P. berghei,High,female,proportion with oocysts
bc.succ,,0.71,Moghadam2023,An. stephensi,P. berghei,High,female,proportion with oocysts
bc.succ,,0.5,Moghadam2023,An. stephensi,P. berghei,Low,female,proportion with oocysts
bc.succ,,0.31,Moghadam2023,An. stephensi,P. berghei,Low,female,proportion with oocysts
