AgentID,X,Y,Type,Status,PopDensity,TempCelsius
b77f54dc-0675-44a9-ade7-76f83afadfdf,38.721829,8.933083,WaterTank,true,1.0000,22.00
c1bd797b-0652-4d4a-b9f2-5a694c517f26,38.796585,9.030519,WaterTank,true,1.0000,22.00
ec7c67d8-a852-4d7d-9f6d-bd01038434bc,38.713125,9.003481,WaterTank,true,1.0000,22.00
388a1174-a5a9-41c1-b1e2-e016a8c793e0,38.728112,8.955001,WaterTank,true,1.0000,22.00
c7d1c78c-ba6b-4e40-ac80-138438a4a716,38.762193,8.944529,WaterTank,true,1.0000,22.00
7882db42-ae04-4d44-9613-25117b6bd215,38.766269,8.972573,WaterTank,true,1.0000,22.00
a62c00cc-2d96-4d61-b4c4-79a91d5afddd,38.712206,8.951730,WaterTank,true,1.0000,22.00
b72c3b3f-9c63-452f-925b-c86b782fd7fe,38.739616,8.963762,WaterTank,true,1.0000,22.00
24fcb16a-ce9b-4a3f-957c-9abffd6192a7,38.752117,8.935952,WaterTank,true,1.0000,22.00
c8fe503c-8095-4581-bce0-6e85082ae606,38.717405,8.947457,WaterTank,true,1.0000,22.00
ebaef958-c895-45db-a100-88c2c2a14f07,38.756615,9.022766,WaterTank,true,1.0000,22.00
6ae05a14-02bb-48f6-ae4e-d6943ffc363f,38.795129,8.986417,WaterTank,true,1.0000,22.00
f113a774-46d2-4111-8534-ad41db2bebb9,38.713545,8.943964,WaterTank,true,1.0000,22.00
89bcf29d-4905-4cbe-aabe-9d9d8d286b1f,38.772212,8.948678,WaterTank,true,1.0000,22.00
5a832687-4b7a-4504-95e0-99fd552b4968,38.763209,8.992888,WaterTank,true,1.0000,22.00
c51fa862-bee3-4d22-a3ce-65f794db59b8,38.761148,8.985220,WaterTank,true,1.0000,22.00
88983377-3d6c-4fa5-8a41-93f8de7ef183,38.729532,8.999634,WaterTank,true,1.0000,22.00
6ca2966b-2e7b-4a12-a86f-b52ea5ccdbc8,38.787032,8.995230,WaterTank,true,1.0000,22.00
49110170-1308-460f-a1d8-a737a3c382de,38.731765,8.944829,WaterTank,true,1.0000,22.00
c77f930b-3b3e-4a2c-9ce8-968c8e9fc2aa,38.759171,8.989512,WaterTank,true,1.0000,22.00
6a3736a3-f701-4f1c-8a7c-e8fde8255934,38.727224,8.971364,WaterTank,true,1.0000,22.00
76b1356c-e2de-4779-822b-984c9442101a,38.722349,9.029833,WaterTank,true,1.0000,22.00
e37e696a-cc32-4a8c-b054-d0d5cc662eb0,38.750492,8.972353,WaterTank,true,1.0000,22.00
25525e0f-2ca4-472a-ad83-bad935e0d95b,38.724321,9.017446,WaterTank,true,1.0000,22.00
7d92102a-2cde-438e-9c85-118c980b1ab5,38.782576,9.030526,WaterTank,true,1.0000,22.00
f979c35e-a0c4-4915-bca2-520f1bc0d37f,38.768236,9.027528,WaterTank,true,1.0000,22.00
4ac54f74-fafc-4251-9a53-399bc2c4ff27,38.804731,8.959379,WaterTank,true,1.0000,22.00
858906c2-5f27-48ac-9ab7-1df62da3ac9f,38.753959,8.937959,WaterTank,true,1.0000,22.00
70e78a2b-c985-4d6d-baa5-6b9063457a00,38.765935,8.949632,WaterTank,true,1.0000,22.00
5ba0ba12-ceaf-43e1-a06d-37dc2385d40c,38.750612,8.980647,WaterTank,true,1.0000,22.00
ebd8f17c-7eaa-47f0-a3dc-658e53f8c36b,38.720474,8.955876,WaterTank,true,1.0000,22.00
7e558784-8311-4702-8d02-1828db2eac93,38.784189,8.951495,WaterTank,true,1.0000,22.00
16d1ce20-f448-4583-9a4e-faa476f6dd6a,38.772654,8.967780,WaterTank,true,1.0000,22.00
35c849f3-8bf8-4647-a9e8-478d192f763d,38.768710,8.951174,WaterTank,true,1.0000,22.00
75d2275f-eba4-47d7-b486-2589d58c9591,38.799341,8.997815,WaterTank,true,1.0000,22.00
0a472826-93c8-4d64-8262-bd2d64230033,38.757135,8.992999,WaterTank,true,1.0000,22.00
2768f7c6-a761-471d-9ea8-bec5db019204,38.707851,8.983175,WaterTank,true,1.0000,22.00
14919296-d26d-40aa-9416-466da7d8b39d,38.739145,9.006503,WaterTank,true,1.0000,22.00
58ca0bdb-efac-459f-8aa8-a550429d6c4b,38.726662,8.943436,WaterTank,true,1.0000,22.00
0dd3567e-fd51-4b4b-8788-62945b90e5cd,38.766894,8.985705,WaterTank,true,1.0000,22.00
5e63a4a3-61da-418d-a896-a2860766ac05,38.719467,8.957454,WaterTank,true,1.0000,22.00
fce16a68-399e-4357-8d2e-208edcb8b40a,38.746969,8.979624,WaterTank,true,1.0000,22.00
f099d2ac-aa7f-4de3-a031-ec271affd79d,38.759302,9.023091,WaterTank,true,1.0000,22.00
73d8b36a-8290-494b-baae-752a74731229,38.797043,8.999218,WaterTank,true,1.0000,22.00
5c7863db-46a0-494d-9e07-7ffdc5c721e5,38.798769,8.941616,WaterTank,true,1.0000,22.00
40ff3b26-891a-4133-aa26-ed9b64652337,38.729102,9.019743,WaterTank,true,1.0000,22.00
c9bd2fd0-8269-467b-95f3-4d78f9349eb8,38.724865,9.024935,WaterTank,true,1.0000,22.00
0d869c15-6121-466e-bd58-a209254929de,38.787595,8.990422,WaterTank,true,1.0000,22.00
5b6c2684-a30b-453e-9a82-4cbcb209e3b6,38.792420,8.958297,WaterTank,true,1.0000,22.00
9aaa4a43-b3b1-4d4e-b5af-e7a838d25aac,38.740537,9.024349,WaterTank,true,1.0000,22.00
4d4da3bf-b51b-456b-90d6-2d8dfb963d0b,38.788927,8.963730,WaterTank,true,1.0000,22.00
f9d59159-ef2a-4b40-916a-29763e9369be,38.794294,8.930718,WaterTank,true,1.0000,22.00
3ed1f0d1-014e-4417-b3c4-c6d9f0c45c68,38.795278,9.000160,WaterTank,true,1.0000,22.00
74821c39-6e0d-4f41-8223-ec56897766bd,38.778704,8.968753,WaterTank,true,1.0000,22.00
a781d069-8edd-456d-afdb-7376fb13569f,38.771929,9.005026,WaterTank,true,1.0000,22.00
ccedbd9a-8ff5-4ee3-a832-05e99482d5d1,38.728150,8.948114,WaterTank,true,1.0000,22.00
ba6ac4b9-6e60-4199-ac0f-6afcc2fa6572,38.718047,9.029184,WaterTank,true,1.0000,22.00
755dffd6-416a-4015-bbba-4ffd2974f273,38.766383,8.974109,WaterTank,true,1.0000,22.00
33197ed3-5b08-48c3-bae6-3ea064987d23,38.722378,8.941979,WaterTank,true,1.0000,22.00
50b864fa-e86e-4704-8d01-e1f1699784fa,38.788081,8.937680,WaterTank,true,1.0000,22.00
2cb6f2ea-b947-4cb2-883f-e678d22a6aac,38.748936,8.986588,WaterTank,true,1.0000,22.00
b1c229cd-9bb1-430e-8403-a78a8641aadb,38.718565,8.979931,WaterTank,true,1.0000,22.00
58248655-9582-44b5-a8a6-a2be2284e9d1,38.777990,8.947089,WaterTank,true,1.0000,22.00
c0d0f76c-3db1-43f3-98ef-0afc4b32995c,38.724577,9.018880,WaterTank,true,1.0000,22.00
a83732c1-7822-4c45-9dfe-dc794ad3caea,38.753451,8.948183,WaterTank,true,1.0000,22.00
ce44edcd-b82b-49e8-a9de-af08dacbfe32,38.743634,9.012124,WaterTank,true,1.0000,22.00
e94f6437-17dc-4c58-bebc-8949998c7166,38.771421,8.946098,WaterTank,true,1.0000,22.00
4c9e2a3d-d0ac-4049-a4ce-fdefb58ded0f,38.797266,8.943310,WaterTank,true,1.0000,22.00
c7b40ba9-68b1-4206-a5c8-9201f15e0ee9,38.781476,8.984901,WaterTank,true,1.0000,22.00
666e1b2a-2a20-4462-8ff5-d54b97a52259,38.754285,8.962548,WaterTank,true,1.0000,22.00
ddae3345-85fe-4c75-92fd-bab3f4c76f74,38.762230,8.986342,WaterTank,true,1.0000,22.00
36da287c-cc4e-4df0-91ae-ff1ae8230cfe,38.714268,8.981340,WaterTank,true,1.0000,22.00
0d2c6073-fa6e-408d-92fa-6c99a5990da1,38.775765,9.013269,WaterTank,true,1.0000,22.00
4effbef5-6a8a-4851-a19d-5c2626d80780,38.788544,9.021124,WaterTank,true,1.0000,22.00
16d32dff-4537-41e4-b33b-705dad663fa7,38.801699,8.996796,WaterTank,true,1.0000,22.00
6d37416c-1a03-4f15-b384-6d2ed42de372,38.766237,8.941187,WaterTank,true,1.0000,22.00
2498ff4e-397d-4120-8ee8-d26a4b548876,38.801013,8.945602,WaterTank,true,1.0000,22.00
c73dad27-413d-4316-8e0f-34717dcb4e0f,38.766302,9.026501,WaterTank,true,1.0000,22.00
07f2d619-2709-4d29-918b-ee59b806a6a3,38.762168,8.962098,WaterTank,true,1.0000,22.00
5b4344e3-2048-47b3-b4a2-b7c99630c94b,38.792978,8.998931,WaterTank,true,1.0000,22.00
dab3dbd3-abd3-493f-b583-45067cf077e6,38.737616,8.974671,WaterTank,true,1.0000,22.00
7ce520da-64e3-43bf-a1be-a77b5745d1d3,38.731736,9.026302,WaterTank,true,1.0000,22.00
4f941ca0-096e-46a8-bbea-242bb4466d1c,38.787519,8.957806,WaterTank,true,1.0000,22.00
91e2f700-1762-4fc9-8acf-9737096ed74a,38.745524,8.942991,WaterTank,true,1.0000,22.00
14281242-f2a9-4eae-b51c-8570726a4cd4,38.709280,8.952616,WaterTank,true,1.0000,22.00
85f46930-db49-4990-ac25-f83d6e2139b5,38.757020,8.962958,WaterTank,true,1.0000,22.00
5ac38de7-f122-4232-816f-da020a27978a,38.746447,9.019157,WaterTank,true,1.0000,22.00
353035f2-159a-4a96-89ac-6c0a7648dc8e,38.731576,8.961577,WaterTank,true,1.0000,22.00
7549ecdd-3548-4ece-ad89-a94cca94a2f2,38.738618,8.948870,WaterTank,true,1.0000,22.00
29e3e9b1-ea8e-45e6-af7c-2d1298169fac,38.807708,9.026151,WaterTank,true,1.0000,22.00
62119426-23b3-425a-8faf-9f9b5b45c63b,38.795160,8.940598,WaterTank,true,1.0000,22.00
fd07f910-d831-45c6-aa38-4efb2ad0d6fe,38.757182,9.026629,WaterTank,true,1.0000,22.00
b2c6255a-0fbb-4b4c-a2da-ad7b57f4c43f,38.749868,8.996854,WaterTank,true,1.0000,22.00
b3d3ea76-864f-4b0a-90a0-19cdc6209c76,38.795191,8.937885,WaterTank,true,1.0000,22.00
c3eec40a-53b3-4cf0-a3ef-b1464b99daa7,38.781152,9.028342,WaterTank,true,1.0000,22.00
64106f35-6334-4309-bfb3-76585dbafbda,38.802560,8.952764,WaterTank,true,1.0000,22.00
35d60275-f7fc-43ee-b569-89fc2306ec99,38.762875,8.964225,WaterTank,true,1.0000,22.00
b9543ba8-a9bd-46c8-a30a-1af82e6a452c,38.766601,8.961189,WaterTank,true,1.0000,22.00
0a10da4c-7d60-4fdd-8298-7f5d0c27d684,38.744686,8.953234,WaterTank,true,1.0000,22.00
73aac4f4-c5d2-4c90-bc52-b6608cbccc52,38.794941,8.934747,WaterTank,true,1.0000,22.00
cc48b5b8-b9e9-4e7c-ab9c-e7d79c3c2225,38.747488,9.006415,WaterTank,true,1.0000,22.00
f2810e95-743f-4bb4-99e8-b6938737c59e,38.807573,8.948478,WaterTank,true,1.0000,22.00
63ceb625-c889-4d63-9133-37e38006973d,38.799632,8.976174,WaterTank,true,1.0000,22.00
616e23a2-1a29-4119-a9c2-f88d046bc323,38.766340,8.991994,WaterTank,true,1.0000,22.00
fab05cc9-5b9e-4081-aec0-e42fd40779ee,38.732495,8.988255,WaterTank,true,1.0000,22.00
81b253c5-ef42-4302-b53b-a3f7090ed379,38.758237,8.970584,WaterTank,true,1.0000,22.00
305d8157-7157-4f63-8bed-45b3c72b5fcb,38.800288,8.943369,WaterTank,true,1.0000,22.00
0839177d-8efc-4fb8-80bf-19c469650e61,38.709122,8.973635,WaterTank,true,1.0000,22.00
62079497-93a9-4488-8d11-f3ac3d93655c,38.788251,8.983431,WaterTank,true,1.0000,22.00
e14acf53-1edf-4a7a-b9ed-53a66f9566dc,38.767846,8.992472,WaterTank,true,1.0000,22.00
5935304b-3b58-4ccf-b028-21d17dbd3810,38.725848,8.973691,WaterTank,true,1.0000,22.00
b3e890c9-e203-485e-99b9-1389783f48ff,38.767286,9.002637,WaterTank,true,1.0000,22.00
c46119f0-ccce-4956-b882-e8d94ad95d90,38.727131,8.986546,WaterTank,true,1.0000,22.00
90e38bc2-bd02-4b6a-9350-3b089f4359c9,38.738420,8.986658,WaterTank,true,1.0000,22.00
5a8c184c-491e-4c94-8912-dc7615e464a2,38.739130,8.985383,WaterTank,true,1.0000,22.00
365ddcc8-01d1-47af-ac1e-aeb00acdfe2d,38.726317,8.962521,WaterTank,true,1.0000,22.00
653605b1-226c-48b2-a74b-9dcf5cbed8a0,38.790956,8.997551,WaterTank,true,1.0000,22.00
18aca3b8-9036-404f-8812-adfc06064283,38.732800,9.000346,WaterTank,true,1.0000,22.00
ae370969-ae68-4952-9219-4272809404a3,38.801229,8.934403,WaterTank,true,1.0000,22.00
7a6d3109-b61b-4074-ba83-33371aa0ce12,38.789542,8.955171,WaterTank,true,1.0000,22.00
d8650def-22c7-46fe-803f-4cb84e58b6bd,38.719525,8.963310,WaterTank,true,1.0000,22.00
89da041c-106f-433d-9d62-210af1f7a8c1,38.747505,9.017292,WaterTank,true,1.0000,22.00
2af0c3f9-95e2-4112-955b-854037622f5f,38.748716,8.961658,WaterTank,true,1.0000,22.00
f0b555aa-60d1-4f5a-ae16-27063d5244ea,38.753836,8.983261,WaterTank,true,1.0000,22.00
d4d553fe-dc20-44c5-8a69-4a2db13263c1,38.719399,8.986067,WaterTank,true,1.0000,22.00
011bd953-1554-431b-bbd6-65bf19bd3547,38.775780,8.980423,WaterTank,true,1.0000,22.00
16ef7469-3053-4378-8021-ed1767459ab1,38.765043,8.971392,WaterTank,true,1.0000,22.00
a26b926d-bdc7-4a71-a7b6-1da3528f8ecc,38.722606,8.935814,WaterTank,true,1.0000,22.00
430fc6b2-9af1-4be8-9d23-4be9589d6eac,38.777076,8.933578,WaterTank,true,1.0000,22.00
3b48f069-3440-49af-b11c-8bb79678fb21,38.711228,8.966216,WaterTank,true,1.0000,22.00
0ec20426-f265-4708-8c7f-0b4ae0d35dcc,38.802774,8.988002,WaterTank,true,1.0000,22.00
e83a1b75-8d45-4d41-9f7d-5f5efe9e94f3,38.718919,8.980408,WaterTank,true,1.0000,22.00
9dcaea95-f274-4646-8f49-2dfb1dc74ed9,38.785697,9.010678,WaterTank,true,1.0000,22.00
21fa456d-ad1e-415e-8d0f-db8f8c46d513,38.767409,9.026854,WaterTank,true,1.0000,22.00
0789a6be-706a-4ba6-a428-7de8cb7fe877,38.738295,8.963546,WaterTank,true,1.0000,22.00
5242d8a2-c361-44e8-b2a9-2973d8073cca,38.786673,8.990543,WaterTank,true,1.0000,22.00
59c6665e-0fb4-47e0-8d9e-b36a8e56bdb3,38.779422,8.977038,WaterTank,true,1.0000,22.00
02f1e150-68ee-47bb-8bd2-77a951b69806,38.713810,8.941188,WaterTank,true,1.0000,22.00
050f40a2-e02c-4f39-a568-ef4904b2d0f6,38.765650,8.933201,WaterTank,true,1.0000,22.00
cde1291e-f068-438b-bb25-f4674a6e17c4,38.792712,8.961686,WaterTank,true,1.0000,22.00
4b238164-ba02-433e-a8c8-27f2c0021ac6,38.794626,9.020897,WaterTank,true,1.0000,22.00
ceda7b40-2852-4306-87b7-152afab58207,38.753564,8.940494,WaterTank,true,1.0000,22.00
fd988794-b0bc-4dbb-b838-22980295683c,38.761124,8.940944,WaterTank,true,1.0000,22.00
43dac1e8-1f59-4d95-9e98-7aaad84a8030,38.767747,8.994510,WaterTank,true,1.0000,22.00
aae51487-e4f1-4be6-93a2-4cdc62c54b04,38.802037,9.023510,WaterTank,true,1.0000,22.00
0b146ed1-92b3-4cb9-b4b1-35f6a50f56a1,38.793316,9.000071,WaterTank,true,1.0000,22.00
faee551f-a5d8-4fb2-ad6f-4a46c1de8559,38.775227,8.982721,WaterTank,true,1.0000,22.00
4d24d5ae-c5b0-4e59-a370-6c90de2fff73,38.749012,8.948844,WaterTank,true,1.0000,22.00
2cbf5294-2743-41a0-83fa-23040db1a4cd,38.778978,8.974101,WaterTank,true,1.0000,22.00
041bc377-0d72-44b6-b0c5-7fb908ef194e,38.780624,9.012671,WaterTank,true,1.0000,22.00
deec121a-340d-4fec-827c-2ddf2d39a3ca,38.733727,8.939370,WaterTank,true,1.0000,22.00
8f36eefd-64dc-45ea-8f02-49bf7a6f5527,38.712514,8.996842,WaterTank,true,1.0000,22.00
8dc135eb-88dc-4ae4-bfcc-511549ef5eef,38.715840,9.020065,WaterTank,true,1.0000,22.00
842b0d8d-39b5-4e53-8fcf-e735eeb282c8,38.709286,8.984793,WaterTank,true,1.0000,22.00
38ba2ba4-eb50-4275-9173-e9e05d5bfc40,38.754348,8.996551,WaterTank,true,1.0000,22.00
34735654-5879-4bd7-bbe0-907a0ec1a8a2,38.807778,9.028903,WaterTank,true,1.0000,22.00
40235d7b-d8e2-4fe5-a618-4614d67b5109,38.775928,8.962212,WaterTank,true,1.0000,22.00
055476e8-461f-4168-ba86-27de4e4e3d81,38.717985,9.021845,WaterTank,true,1.0000,22.00
d59ca333-a8ff-40d4-95c0-e3b81cf4a43a,38.710799,8.973977,WaterTank,true,1.0000,22.00
5630a36a-cebc-49ff-b748-331e0274b95c,38.732989,8.990835,WaterTank,true,1.0000,22.00
ad3a3894-738d-4f1b-8ac7-2c9b389721a7,38.752826,9.029781,WaterTank,true,1.0000,22.00
568adeb6-59ad-4e63-8b8a-7ed166f2072b,38.732635,8.993200,WaterTank,true,1.0000,22.00
00332524-442d-4a34-88be-b9d775ba3f4d,38.800762,9.011178,WaterTank,true,1.0000,22.00
a3d88477-99ce-43f6-a63f-a8c12bad5e41,38.713401,8.955799,WaterTank,true,1.0000,22.00
9da22061-2aa4-4a6d-9ba3-53db38e6a0c4,38.794420,8.995032,WaterTank,true,1.0000,22.00
faa318f4-26a0-464a-ab11-01105317c525,38.727837,8.993154,WaterTank,true,1.0000,22.00
1f28e7ec-511d-4e98-a3ce-ed50e47bfeeb,38.799480,8.982088,WaterTank,true,1.0000,22.00
668b909a-44e3-4920-b625-5744b451b778,38.770920,8.959537,WaterTank,true,1.0000,22.00
9b95fa46-0eef-4878-818e-b5e9a3446e0f,38.787712,9.012144,WaterTank,true,1.0000,22.00
93239423-3d87-408e-87b3-604f1fc8a559,38.707809,8.938803,WaterTank,true,1.0000,22.00
ae9b8a9c-f959-4a7f-9bb5-eace8b870734,38.805588,8.935711,WaterTank,true,1.0000,22.00
dfc9702d-eb16-4243-b43f-bb3c72492a2a,38.797745,8.952407,WaterTank,true,1.0000,22.00
1efeea98-f465-44ae-82e3-cc642d754104,38.723574,8.990209,WaterTank,true,1.0000,22.00
a2473dc9-68bf-4a93-8e43-72eafb80cda1,38.732208,8.970858,WaterTank,true,1.0000,22.00
84f4c159-9b37-4c57-8218-43bfc70c400b,38.710826,8.985133,WaterTank,true,1.0000,22.00
449ad63e-9686-4c05-acc8-9d017eddac82,38.771959,8.946727,WaterTank,true,1.0000,22.00
14981f47-5452-4387-97b8-d73c1d052848,38.785588,8.935083,WaterTank,true,1.0000,22.00
ec9cd083-7561-45f9-94f9-841b06ca1728,38.737214,8.948410,WaterTank,true,1.0000,22.00
f6471ca6-4f03-4330-a811-b7d0a192e949,38.750283,8.992145,WaterTank,true,1.0000,22.00
73383023-9291-4f55-8f14-60c9d304ae50,38.777957,8.962967,WaterTank,true,1.0000,22.00
ee8c5bb2-e166-47bb-a47d-c04a4cec0a6d,38.732094,9.019846,WaterTank,true,1.0000,22.00
45340c54-f1b0-4012-acf4-67ab28bd1345,38.727276,8.953666,WaterTank,true,1.0000,22.00
1d677509-de0a-4167-8dbf-fa2de59da0f4,38.714792,9.019739,WaterTank,true,1.0000,22.00
d3fcbb46-a1e7-4852-8b0e-407b74cad380,38.719607,9.003276,WaterTank,true,1.0000,22.00
70a7cee3-a8f3-4475-90f0-3174820dfa75,38.765603,8.968655,WaterTank,true,1.0000,22.00
194a9251-5450-4c7d-b9a4-7a4e6f54496a,38.737910,8.947656,WaterTank,true,1.0000,22.00
db688877-cfb2-4762-b086-f4a83747fc3d,38.732142,8.949758,WaterTank,true,1.0000,22.00
bd89f6a9-0a08-4b4c-9dc5-8eb58245f0ec,38.739034,9.005889,WaterTank,true,1.0000,22.00
17e9cf5e-3aa0-48d2-b6d7-97f925f9ffa8,38.708709,8.963750,WaterTank,true,1.0000,22.00
f1bc6ec4-3601-436a-89bc-5710da002d0a,38.794939,8.942957,WaterTank,true,1.0000,22.00
ddce9fac-5e45-44d9-9ffe-505e82c81c77,38.748729,8.987944,WaterTank,true,1.0000,22.00
7edb905b-f1b9-4a8e-bf19-5a73e09336c1,38.778911,8.958903,WaterTank,true,1.0000,22.00
5ffbece1-a117-4c96-9b28-a1ca00b155e6,38.730646,9.010364,WaterTank,true,1.0000,22.00
a35d88c4-0853-4157-8a2c-a911dcb18f8a,38.720565,8.984413,WaterTank,true,1.0000,22.00
c92c37e4-b4be-4478-a064-d269b595ecf2,38.768298,9.003661,WaterTank,true,1.0000,22.00
43e95bf6-aae9-4cdc-a576-04de16127631,38.751161,8.976958,WaterTank,true,1.0000,22.00
e3f6227b-c450-49aa-b237-fa0cfe7cdfc9,38.793617,9.019328,WaterTank,true,1.0000,22.00
b8a1e875-5838-4d72-8b8a-7324f54400da,38.761662,8.953894,WaterTank,true,1.0000,22.00
6d53fc87-f1b9-4542-ad0d-f53c2f554081,38.729405,8.976566,WaterTank,true,1.0000,22.00
4037644f-72a2-4093-8241-6d9ca2037824,38.799939,8.969326,WaterTank,true,1.0000,22.00
adc63957-0d60-45fd-891f-cbfbeeb57c1b,38.713057,8.992117,WaterTank,true,1.0000,22.00
95573af1-8e44-4588-a1f2-1af82d2f51bc,38.740684,8.940100,WaterTank,true,1.0000,22.00
750fcac7-a32c-465b-8cb0-8ccd81b1ab85,38.728250,8.947475,WaterTank,true,1.0000,22.00
17e6e8c5-2123-48a0-ab7a-f94f845b5f45,38.771815,8.952926,WaterTank,true,1.0000,22.00
4a84ef81-f295-4189-8b3f-91bd49032a1b,38.750949,9.018112,WaterTank,true,1.0000,22.00
7fd9be4e-0daa-436d-a208-a852c6fda4ed,38.754579,8.939422,WaterTank,true,1.0000,22.00
83b4cbb9-8fae-4597-86d5-d9f94b39ca93,38.718525,8.995707,WaterTank,true,1.0000,22.00
cbd2f32a-b762-4741-84db-59a0576ed442,38.731013,8.988793,WaterTank,true,1.0000,22.00
3e68b8ed-50bc-4d48-8b53-24a6609d95b0,38.786349,9.018834,WaterTank,true,1.0000,22.00
18057bbd-896a-426c-8d8d-95ddb1017d7f,38.772094,8.978882,WaterTank,true,1.0000,22.00
4aa2351c-088a-4d7d-896d-00379ea42dde,38.744897,8.990161,WaterTank,true,1.0000,22.00
a3f9d1b3-d979-451f-baff-42653deac325,38.782632,8.945492,WaterTank,true,1.0000,22.00
dd2fc791-90e5-466a-b7d6-0ca077a3b29a,38.732252,8.998935,WaterTank,true,1.0000,22.00
f1a66770-6556-46a1-b68a-00d96ea151a4,38.804868,8.977165,WaterTank,true,1.0000,22.00
8df4571c-1e16-4dc6-8976-28f048f341e1,38.791790,8.986395,WaterTank,true,1.0000,22.00
b8677b77-0753-4cf8-8913-9560cef26de6,38.791710,9.018017,WaterTank,true,1.0000,22.00
031f50b5-51bd-4456-a53d-6e234152546c,38.792943,8.988684,WaterTank,true,1.0000,22.00
157f396d-2886-4ee3-bb2e-1466f74eaf6c,38.752701,8.984756,WaterTank,true,1.0000,22.00
ff8ac4aa-0062-4c8b-bca8-165ddb0f6920,38.754093,8.966979,WaterTank,true,1.0000,22.00
0c048108-ca8d-43b8-a077-3f1c1a658b73,38.711042,8.955676,WaterTank,true,1.0000,22.00
97eea155-ef4e-4a7f-95fc-f48c8b2a225f,38.780979,8.987742,WaterTank,true,1.0000,22.00
7e511ae4-27a6-4bb1-9c4f-e4119d9cef7d,38.748388,8.969205,WaterTank,true,1.0000,22.00
5a84bb05-ee5c-4b92-a3bd-ef25f8611e5f,38.761445,8.947371,WaterTank,true,1.0000,22.00
618777c7-20fa-4a51-bc45-52449db8a4a0,38.755631,8.977487,WaterTank,true,1.0000,22.00
ab516b02-8267-43b6-873f-90eed5f1d8e3,38.737924,8.944970,WaterTank,true,1.0000,22.00
d9334aa8-8531-4c11-839a-0eae29aa2c27,38.752512,8.936528,WaterTank,true,1.0000,22.00
852c0364-033a-4892-84b2-31ede9f15de6,38.712719,8.994600,WaterTank,true,1.0000,22.00
f0d2dec8-17d7-4d84-a429-f21697721982,38.786668,8.978585,WaterTank,true,1.0000,22.00
2d1d15d3-0126-4142-81b2-27042da6482e,38.728004,8.934045,WaterTank,true,1.0000,22.00
d899af18-98f7-4431-80dd-1bcd3d232284,38.773582,9.004760,WaterTank,true,1.0000,22.00
5f5c8beb-c452-4a0a-bbda-d4e5cfb763c5,38.802368,8.931013,WaterTank,true,1.0000,22.00
844fc027-dde7-4aab-8a21-a4fedbfa9d3b,38.792930,8.956182,WaterTank,true,1.0000,22.00
29a1764e-1a4d-451b-94bf-a8cf948f6261,38.798805,9.009652,WaterTank,true,1.0000,22.00
654575ff-3d37-4984-9bee-cd855726b260,38.713917,8.970686,WaterTank,true,1.0000,22.00
09a2f3e6-08b1-4dfa-a380-01d406d389c3,38.745263,9.020348,WaterTank,true,1.0000,22.00
c6f4ec19-b6d2-4318-82a3-8097f7fe586d,38.782489,9.008564,WaterTank,true,1.0000,22.00
2779dcf2-0421-41eb-9670-e8a99dc44918,38.728149,8.954013,WaterTank,true,1.0000,22.00
bb931cdb-b36b-48cf-81c4-218165342489,38.766647,8.935746,WaterTank,true,1.0000,22.00
4814cd9f-9d06-4ded-9943-cafaf01dfb27,38.731655,8.958407,WaterTank,true,1.0000,22.00
9912bd30-ab76-4be7-81bf-bc9376062e1c,38.722615,8.985670,WaterTank,true,1.0000,22.00
b7e65926-7af9-4930-9c8d-98f168721d49,38.801317,8.948514,WaterTank,true,1.0000,22.00
53c0fb9e-9f5b-4ceb-8a1a-4c25415b13cc,38.714245,8.982157,WaterTank,true,1.0000,22.00
18ad50fb-2ac1-41fb-94e2-4f94dc7ba31e,38.768926,9.015588,WaterTank,true,1.0000,22.00
1d2cc77f-3e29-4670-8595-320733b50e63,38.790776,8.994745,WaterTank,true,1.0000,22.00
bebb7877-6c91-4387-981a-74cea27f8a0b,38.787722,9.030211,WaterTank,true,1.0000,22.00
563f8fd6-b555-4c8b-9787-5ea08d25e8d4,38.803966,9.015234,WaterTank,true,1.0000,22.00
57d120c5-923e-4f4c-a6b6-42c46d771eb6,38.791734,9.003549,WaterTank,true,1.0000,22.00
261a9a0c-4f4d-42a2-b4bd-cdaaba83fadd,38.724611,8.989598,WaterTank,true,1.0000,22.00
6d153034-cae1-41d3-a106-e23d2016ea4b,38.711205,9.017964,WaterTank,true,1.0000,22.00
0d1458ee-d40b-4a7e-9481-006905907b3a,38.800581,9.012959,WaterTank,true,1.0000,22.00
0e6d784c-c12e-4c33-aaec-b4cf0df1c3a7,38.747235,8.963254,WaterTank,true,1.0000,22.00
3bc48663-a03b-40db-b932-e0d21f19db33,38.783782,8.996977,WaterTank,true,1.0000,22.00
76e864fd-bc05-4f63-86a8-f486df2fbee7,38.733077,9.017974,WaterTank,true,1.0000,22.00
17c97730-569d-469b-9cb7-8777b9a896a0,38.741812,8.948792,WaterTank,true,1.0000,22.00
61a12a18-c24e-4b0c-aad0-1974e45f4bac,38.786984,8.996694,WaterTank,true,1.0000,22.00
bca1afb2-e826-4c1f-ba75-de45578e5fd7,38.761586,8.958571,WaterTank,true,1.0000,22.00
01079ae7-9df0-436d-99c4-b495e8d08de4,38.792047,8.943484,WaterTank,true,1.0000,22.00
e315080f-113f-4a17-a8b6-1d2bc831e053,38.746845,8.978743,WaterTank,true,1.0000,22.00
8288d46d-fb2b-4de9-ae04-bb282d8820c1,38.722177,8.989516,WaterTank,true,1.0000,22.00
cbe5eb30-4154-49d7-9a3d-96cef21bf221,38.709211,8.992160,WaterTank,true,1.0000,22.00
01445804-1319-4e56-8c72-ddeaee7ea8b7,38.770189,9.008419,WaterTank,true,1.0000,22.00
d8b99969-83ab-47a9-9548-4148c915412f,38.753313,9.008728,WaterTank,true,1.0000,22.00
1c9ae528-dde6-439a-be6c-67d54954db8c,38.723878,8.996849,WaterTank,true,1.0000,22.00
3cc1422d-4cc2-4ad1-abdc-fe83610f7de0,38.760550,9.000428,WaterTank,true,1.0000,22.00
3152e74f-7849-4915-80d0-289311afce17,38.779079,8.979713,WaterTank,true,1.0000,22.00
a6e41c73-e036-4534-b450-ad80cc98e632,38.783147,8.983220,WaterTank,true,1.0000,22.00
e64c728d-df11-4783-ac6c-137ff8771c34,38.774846,8.989589,WaterTank,true,1.0000,22.00
66ff7c37-d605-4b32-b2e6-59de86c29f19,38.770438,8.980955,WaterTank,true,1.0000,22.00
08b51a60-ded0-41d5-90bc-b041b4be2ce3,38.785240,8.998107,WaterTank,true,1.0000,22.00
c8c8c909-fbad-47f2-ad33-b8d9f8ca2a40,38.762681,8.961210,WaterTank,true,1.0000,22.00
d3f5589c-1cb3-42b3-bad8-6ef3b21f8e5f,38.804638,8.983395,WaterTank,true,1.0000,22.00
7ed6e33f-75e3-4f17-85a8-4ef87314f042,38.804216,9.015899,WaterTank,true,1.0000,22.00
d9996d77-bbc0-4350-82c3-4cefc241c8db,38.719048,9.002174,WaterTank,true,1.0000,22.00
9494b910-7b10-4c3c-ab8d-533678fcabd6,38.747398,8.970491,WaterTank,true,1.0000,22.00
8cf3c08f-0214-440d-aaf9-f74f330508c3,38.764602,8.997683,WaterTank,true,1.0000,22.00
4f3a3be7-0c9f-4a0a-aa71-f8452657fd11,38.741510,8.944894,WaterTank,true,1.0000,22.00
09456732-93cc-4f8c-b25f-1baef85ddc15,38.736226,9.015336,WaterTank,true,1.0000,22.00
d13e13f4-90a6-497c-b2ee-b0ab53f7bda0,38.726713,8.956290,WaterTank,true,1.0000,22.00
6df00b65-1855-489a-9b5e-911b0ca8b10a,38.724407,9.016861,WaterTank,true,1.0000,22.00
9d644231-421a-40cb-8c57-260935a61d82,38.782120,8.949662,WaterTank,true,1.0000,22.00
51d26297-447d-4b54-92e4-2de888be0b36,38.726074,8.980644,WaterTank,true,1.0000,22.00
07bf2514-a9b9-486e-b800-07127f72eb89,38.709187,8.965253,WaterTank,true,1.0000,22.00
0c480bfe-e8f0-420b-908f-f1b6f42afbc3,38.796759,8.951093,WaterTank,true,1.0000,22.00
36c1c1b2-de50-4afc-a76a-c000e759fe1b,38.766898,9.003880,WaterTank,true,1.0000,22.00
e3825338-f68b-4827-b794-74ecf6f320e7,38.785576,8.953080,WaterTank,true,1.0000,22.00
667638d9-49d1-48b8-b773-b4e4dee67ffe,38.713550,8.930807,WaterTank,true,1.0000,22.00
1d706a21-a93e-43da-a3ec-ad52279e3ecd,38.721933,9.018834,WaterTank,true,1.0000,22.00
78512b16-9e5d-44c0-8cfe-4c098d0244d4,38.751518,8.966786,WaterTank,true,1.0000,22.00
426adb9f-0939-4a24-b197-97e2cc27a897,38.803523,8.984158,WaterTank,true,1.0000,22.00
1c62547b-4deb-4a4a-a7bf-868901e7f0a5,38.715935,8.950906,WaterTank,true,1.0000,22.00
1ec72dfe-bde3-4dd6-bd58-c3ecf95d250a,38.768770,8.998428,WaterTank,true,1.0000,22.00
9f151a90-f16b-473c-be81-515ffd19d544,38.796026,9.024073,WaterTank,true,1.0000,22.00
6467e807-f69b-4167-8f64-25a5fd41f3a5,38.723788,8.958568,WaterTank,true,1.0000,22.00
41e39653-5026-41fa-af95-13abc11f643b,38.728709,8.974189,WaterTank,true,1.0000,22.00
168a8ca8-1e41-4c75-8a1b-4069b0ee35d2,38.733773,9.021009,WaterTank,true,1.0000,22.00
09427370-fb18-4cfa-855d-8b42a54dc371,38.758045,9.004560,WaterTank,true,1.0000,22.00
10b8044b-dfc8-488d-8848-aa358f0b2824,38.781905,8.967660,WaterTank,true,1.0000,22.00
b0353ecd-5818-4d68-9e98-0e716b36778b,38.711296,8.935548,WaterTank,true,1.0000,22.00
769053e4-54e2-4f4d-9d37-ab59aa2b3356,38.744944,9.001986,WaterTank,true,1.0000,22.00
e25b72a1-1577-435a-b8f5-f5dcfa9d4251,38.802560,9.026171,WaterTank,true,1.0000,22.00
b80df724-0476-485c-9a12-282813fe3a0e,38.734080,9.029501,WaterTank,true,1.0000,22.00
4c00f03e-c461-4ea3-b973-2353cafc1345,38.738373,9.007142,WaterTank,true,1.0000,22.00
a8188026-897b-4f77-8074-d871a4ca333e,38.802010,8.933379,WaterTank,true,1.0000,22.00
4cfe0694-6927-41c3-a2b9-c790dfadb347,38.766132,8.949727,WaterTank,true,1.0000,22.00
e6fe4ca5-30d9-4547-bd15-56108dc6da75,38.722783,8.990294,WaterTank,true,1.0000,22.00
0fc890ca-bba0-4235-99c5-6197e9284f59,38.775843,8.955857,WaterTank,true,1.0000,22.00
ba9eef5d-9768-401d-9b30-2ce2b587e4c6,38.709666,8.984260,WaterTank,true,1.0000,22.00
efd8c144-a9cf-42c9-bb61-a48678769f1f,38.738464,8.944080,WaterTank,true,1.0000,22.00
6f549702-5ba6-4dac-9859-169a98600026,38.748060,8.966914,WaterTank,true,1.0000,22.00
485e4526-8aeb-44ab-8b8a-4ae260ea7479,38.739957,9.023231,WaterTank,true,1.0000,22.00
861e7251-bd52-46e1-a79c-767efcf8fc74,38.785487,8.981571,WaterTank,true,1.0000,22.00
b85b1194-1707-4328-b20e-cc446d981828,38.749197,8.991091,WaterTank,true,1.0000,22.00
63fc92aa-511c-4fe7-a082-a136e0aa46dd,38.738698,9.015328,WaterTank,true,1.0000,22.00
177f33a4-8d9c-4691-ad3a-39ed4e15a833,38.740004,8.968869,WaterTank,true,1.0000,22.00
e6186065-f932-4c52-ae6a-1ed2e39483ae,38.749143,8.968595,WaterTank,true,1.0000,22.00
b994d3a0-3cb1-4c86-87e6-deee4b62b9d0,38.772820,8.983974,WaterTank,true,1.0000,22.00
372723d6-4830-440c-92b1-c29e9e499f0e,38.742403,8.934672,WaterTank,true,1.0000,22.00
69dc4da4-ed80-4d4a-b077-bbb2de62a97e,38.729926,8.943348,WaterTank,true,1.0000,22.00
aa48790a-3e1b-4d24-aa72-4a746a142a1f,38.724559,8.963317,WaterTank,true,1.0000,22.00
4564571a-ac5a-49d8-b168-68930ea3c132,38.789602,8.997526,WaterTank,true,1.0000,22.00
0f257977-7036-42f3-b028-6c590f92d854,38.779106,8.941731,WaterTank,true,1.0000,22.00
ace06011-3331-4f60-accd-33b295ac38f9,38.719275,8.981643,WaterTank,true,1.0000,22.00
96f79d11-5e00-4932-8852-9c811d9130eb,38.711660,8.963980,WaterTank,true,1.0000,22.00
26008e71-63d9-426b-ab61-2e66a38e78d0,38.765417,8.933747,WaterTank,true,1.0000,22.00
411a1cc1-e794-4773-bba4-dae6ded9b653,38.726556,8.975616,WaterTank,true,1.0000,22.00
c9d6567f-47b4-40e8-a1b5-94c92e80abe5,38.718890,8.933077,WaterTank,true,1.0000,22.00
25e4ca83-1adb-4498-9640-272530373d83,38.709350,8.974065,WaterTank,true,1.0000,22.00
9b48bd67-bfa4-49ff-b3fe-9c5e2a682bc1,38.738371,8.971375,WaterTank,true,1.0000,22.00
77c12134-137a-4b63-835d-ea240fa69acd,38.732338,9.017378,WaterTank,true,1.0000,22.00
ee31f428-4e96-4681-b47e-9df11adc22ec,38.721689,8.968819,WaterTank,true,1.0000,22.00
4dc6d5fb-5cf0-4c06-b06a-0a74cd9b5634,38.796350,8.943983,WaterTank,true,1.0000,22.00
61313c71-ebef-4a33-8bbb-234808a1665e,38.725103,8.972853,WaterTank,true,1.0000,22.00
8b24f85c-42e5-488d-95a1-26790cd42c0c,38.771447,8.934341,WaterTank,true,1.0000,22.00
3d5b34a7-2cc6-494e-8584-b7a966f86012,38.743961,8.932943,WaterTank,true,1.0000,22.00
2f4ff61b-84ed-45c2-9237-68ed6a9a40df,38.801544,8.951736,WaterTank,true,1.0000,22.00
82785491-1131-4c2a-a964-24c93d29a2a7,38.784672,9.027232,WaterTank,true,1.0000,22.00
bd15bb80-90c4-49ef-8a98-ef73f4de48f5,38.793572,8.983907,WaterTank,true,1.0000,22.00
320fa843-4f51-4796-aa47-7f657dcd6bc7,38.777559,9.028063,WaterTank,true,1.0000,22.00
07ffbea1-0dc1-46fb-9dae-945c06283540,38.720484,8.969820,WaterTank,true,1.0000,22.00
0763ad1d-555e-429a-aa49-bb466339bb63,38.802901,8.932541,WaterTank,true,1.0000,22.00
3d126759-78d4-4d83-bd77-109e067aa868,38.729218,8.936618,WaterTank,true,1.0000,22.00
e9ae8fc4-cfb6-4e61-a677-fcbf1ccb0822,38.728373,8.951558,WaterTank,true,1.0000,22.00
53261a80-e089-4936-ab8d-815cf15f24d6,38.759671,8.990619,WaterTank,true,1.0000,22.00
de85b5c4-8bcd-4924-98c0-58894e2875bd,38.785076,8.946126,WaterTank,true,1.0000,22.00
39bbe37e-dc57-442b-ac75-5524c5b3d66e,38.748817,9.003209,WaterTank,true,1.0000,22.00
5c068479-fb9e-41ad-99a7-0c7c149d3d3c,38.741483,9.023408,WaterTank,true,1.0000,22.00
578a7207-1089-4029-a369-e9f15241c24c,38.715276,9.007578,WaterTank,true,1.0000,22.00
183dfc69-e96a-45bb-86ca-648b2575ec18,38.769897,8.956479,WaterTank,true,1.0000,22.00
54e3b52b-2a76-494b-b250-4afa2f97ce07,38.793966,8.975458,WaterTank,true,1.0000,22.00
154185ce-1e7f-4007-a9ce-0aa5ba0bfcee,38.738373,8.971650,WaterTank,true,1.0000,22.00
f7241676-6ef3-494a-afaa-c7494a882942,38.717925,8.974403,WaterTank,true,1.0000,22.00
570f9fa3-c42d-42ef-9d9e-eb2f52f94062,38.802564,8.955083,WaterTank,true,1.0000,22.00
d857377f-719e-4582-9cdf-b13c4267bf7e,38.724921,9.015560,WaterTank,true,1.0000,22.00
e5851090-b01d-4975-83f7-2354607c40fd,38.716611,8.966479,WaterTank,true,1.0000,22.00
e4eb9ba1-2b9c-4c3b-88b9-c55c3c099d63,38.800200,8.989563,WaterTank,true,1.0000,22.00
433764c4-ea79-4ddb-be94-1ce32fc30c61,38.729888,9.011764,WaterTank,true,1.0000,22.00
44168f48-cff8-4c84-8eee-648945722302,38.753510,8.953816,WaterTank,true,1.0000,22.00
15565a93-9e4d-4e29-b3e5-a54d60924744,38.787369,9.018992,WaterTank,true,1.0000,22.00
edcf4dc1-90c6-4478-a46b-8db2ee7af962,38.768489,8.978355,WaterTank,true,1.0000,22.00
0d787483-3cb5-471b-8a1e-3834b807b374,38.805319,8.982091,WaterTank,true,1.0000,22.00
2444df72-90d8-42c6-8e6b-6782500cdedc,38.755584,8.979395,WaterTank,true,1.0000,22.00
bce92bbd-53ed-492d-8b9c-7f6898e3b53a,38.751185,8.985616,WaterTank,true,1.0000,22.00
f20a3a14-51e6-4d3f-9963-11bb9b0b3ad2,38.785828,8.969802,WaterTank,true,1.0000,22.00
8a30e91f-b4b8-4e84-987e-09a6633fc792,38.716793,9.000328,WaterTank,true,1.0000,22.00
c4564dcf-4dcc-4e2d-ad50-052f96b9aa34,38.782161,8.933931,WaterTank,true,1.0000,22.00
b4648f1a-349c-485b-b783-e914a71752c0,38.737354,8.944211,WaterTank,true,1.0000,22.00
ad029a08-1647-41d5-8a13-a0888d163b0c,38.797379,8.990640,WaterTank,true,1.0000,22.00
897ef2cc-b6b1-4422-923e-081702085bde,38.775265,8.936446,WaterTank,true,1.0000,22.00
fb709f65-0f97-46a8-8c9d-ed9950c1fecc,38.713396,8.942725,WaterTank,true,1.0000,22.00
50b2a8ff-7ba7-476d-8010-f399596246df,38.757340,8.932882,WaterTank,true,1.0000,22.00
a64d38a2-42ea-4de0-9131-860d439333de,38.755178,9.023676,WaterTank,true,1.0000,22.00
d7473553-60bf-4b78-9892-e36a9c00221f,38.726842,9.020735,WaterTank,true,1.0000,22.00
e7243f1d-6ea3-4782-aa44-4c7ab2bd89bf,38.724519,8.943315,WaterTank,true,1.0000,22.00
aeca5723-ed40-4fbd-a07f-45e54130066c,38.747591,8.967500,WaterTank,true,1.0000,22.00
d67c5ce5-e6f3-47f7-a685-fbf4a0708992,38.723800,9.002769,WaterTank,true,1.0000,22.00
f9de1900-5128-427f-a0e5-c677b8a2d91a,38.776389,8.964495,WaterTank,true,1.0000,22.00
d8b60b34-f05e-422b-8f9f-dd64f4c5d863,38.757887,8.996187,WaterTank,true,1.0000,22.00
9e50c934-b375-44dd-b350-557757936cea,38.802170,8.978964,WaterTank,true,1.0000,22.00
ed3546a8-57cd-4e5b-83c2-07f5a7ce411b,38.773580,8.941701,WaterTank,true,1.0000,22.00
be581c43-d9ae-42d5-833b-ee373ff49139,38.735515,9.030364,WaterTank,true,1.0000,22.00
0f8ad4d9-486c-450a-85b2-fcae5f7fd48e,38.720279,8.987375,WaterTank,true,1.0000,22.00
55126ac7-1939-4c48-a9b9-ca6d81d46c23,38.720559,8.936206,WaterTank,true,1.0000,22.00
e0aaeeaf-1e8f-4226-ad70-4ec66b75f0ed,38.793024,9.019208,WaterTank,true,1.0000,22.00
b99d4dc0-6880-4025-96d7-785ddce62633,38.732813,8.930762,WaterTank,true,1.0000,22.00
e8e4d006-bf08-4d32-b2a3-8e442453b62c,38.749591,8.957742,WaterTank,true,1.0000,22.00
506c093d-cc8b-4fc6-9667-d17f3f6c3d50,38.721063,8.945963,WaterTank,true,1.0000,22.00
a377db8d-76c6-412b-ba1c-39e3b2957a1e,38.777062,8.967441,WaterTank,true,1.0000,22.00
d0c6dbc5-4a8e-4cc3-bac7-b3d4ea81d197,38.749257,8.957988,WaterTank,true,1.0000,22.00
b209800c-add2-4e06-af1a-3086a87afa30,38.720053,9.018680,WaterTank,true,1.0000,22.00
f197af5f-c205-4e74-b436-b850551c51f7,38.795172,8.945324,WaterTank,true,1.0000,22.00
63d041f7-ee88-46bb-8d50-6e91dd5518a6,38.772775,8.936106,WaterTank,true,1.0000,22.00
16f0e3c4-0ea3-4910-aff0-c07dc6f8dc2f,38.766643,8.974477,WaterTank,true,1.0000,22.00
4f22739d-e091-4f59-ab8b-10980024596c,38.780127,8.939014,WaterTank,true,1.0000,22.00
ad60b553-7dc3-4704-b7b0-b2c252480d2c,38.803299,9.028077,WaterTank,true,1.0000,22.00
9450c30d-ffe1-4739-aba6-cb492bae0a6e,38.789242,9.029571,WaterTank,true,1.0000,22.00
38dd7a61-9570-4193-a2cc-fd4ead0c63c6,38.741958,9.016738,WaterTank,true,1.0000,22.00
475d713a-08c4-4463-8f96-c97462e562a5,38.742211,9.012868,WaterTank,true,1.0000,22.00
6022c36e-04f7-4c30-846f-da11f2652c5b,38.737261,8.970867,WaterTank,true,1.0000,22.00
46a3a3cc-310c-4c26-bd56-0a931726be0b,38.803141,8.939182,WaterTank,true,1.0000,22.00
efc1999f-450f-4168-b245-8f4b2ff1eb5e,38.745580,8.991483,WaterTank,true,1.0000,22.00
bfa708d5-cae2-4a02-9a72-5272689798d1,38.768298,8.943261,WaterTank,true,1.0000,22.00
50b076ce-750f-4880-aa26-c413330b904f,38.799913,8.950174,WaterTank,true,1.0000,22.00
cfe1c588-942f-4ad7-8344-59798dcf4bd4,38.716748,9.018077,WaterTank,true,1.0000,22.00
b41d865b-8bf9-4ffc-9b2d-19a75d274791,38.726190,8.967463,WaterTank,true,1.0000,22.00
05466d3a-5720-4e0d-a521-7bda372f807f,38.720734,9.001192,WaterTank,true,1.0000,22.00
c8063c68-820c-4ffa-8bd0-a1a591aaff19,38.777318,8.966141,WaterTank,true,1.0000,22.00
1e90e81b-0f60-4844-a5fc-cca05f5b890d,38.749986,8.970741,WaterTank,true,1.0000,22.00
935e9e4c-199e-4afb-aa44-c03fb35b7598,38.790292,8.991538,WaterTank,true,1.0000,22.00
5e436ae8-60a0-4f31-92e8-04e753f6628e,38.772202,8.944995,WaterTank,true,1.0000,22.00
9c7aaee9-14a7-496f-aa0b-7d8df882a608,38.803830,9.014253,WaterTank,true,1.0000,22.00
1b0b175a-558e-4203-98cc-2d8ddb4756c7,38.773139,8.954591,WaterTank,true,1.0000,22.00
52c9bc71-ae44-43c2-916a-61dc492bc803,38.709223,8.982476,WaterTank,true,1.0000,22.00
1a164684-900c-4fd0-a178-7bfa55dc6a55,38.794087,9.009707,WaterTank,true,1.0000,22.00
aafc1a95-4d73-4c9f-bc1b-4ce72a7e8235,38.745512,8.970895,WaterTank,true,1.0000,22.00
12f22c20-151a-4fa0-b753-7b0881c934e7,38.711897,9.015833,WaterTank,true,1.0000,22.00
85cb76e4-1e6c-4617-8ea1-b39c99bfb7a7,38.791560,8.981015,WaterTank,true,1.0000,22.00
daca26e7-77ed-4558-9a8d-6bb5831f193a,38.767358,9.001240,WaterTank,true,1.0000,22.00
d50de3aa-6c2e-4eb8-b77c-0ec90d1f8b25,38.752251,8.983798,WaterTank,true,1.0000,22.00
d855346e-8043-4589-917c-484cb8573add,38.781356,9.006876,WaterTank,true,1.0000,22.00
f15b0ece-a2e7-4545-bfa4-9b9e8c2aaecd,38.783795,8.959694,WaterTank,true,1.0000,22.00
7ef96bc8-3fb8-413e-8793-28da0cd88d54,38.785101,8.955100,WaterTank,true,1.0000,22.00
df975ba3-abdf-46ff-8bce-6471316509a0,38.753969,8.983380,WaterTank,true,1.0000,22.00
888c9788-ab41-474d-96d1-30e55971b81c,38.730627,8.957557,WaterTank,true,1.0000,22.00
d3d0c279-b2ea-48dd-83e6-b077667d0fb7,38.787183,9.020977,WaterTank,true,1.0000,22.00
40978f3d-f63b-435d-9002-eb309511d18d,38.740854,8.944433,WaterTank,true,1.0000,22.00
48c0280b-9b80-49f2-a5f0-bdc28da97ec0,38.801327,8.956025,WaterTank,true,1.0000,22.00
4f35e747-be6a-40dc-a586-7942c2fed123,38.804679,8.997447,WaterTank,true,1.0000,22.00
bad6b236-6878-4a58-9cf8-ff2a2766129e,38.803652,8.937168,WaterTank,true,1.0000,22.00
24402052-dbf8-465d-8702-d76a69f34c10,38.721878,8.947158,WaterTank,true,1.0000,22.00
482b3115-c02a-4830-9034-11e63fdcb2b1,38.776309,8.945279,WaterTank,true,1.0000,22.00
bb4b09dd-c7a9-49c6-945d-6f5f8dd10349,38.755069,8.951502,WaterTank,true,1.0000,22.00
6efa39c6-270a-4e1f-8468-f29a34db9945,38.748653,9.010660,WaterTank,true,1.0000,22.00
65e4d5e2-219f-44b8-9058-5c832febd143,38.751504,9.006957,WaterTank,true,1.0000,22.00
6c55528f-0dc4-49b9-a06a-ee9f0d0b8a60,38.723073,8.972013,WaterTank,true,1.0000,22.00
e2abe66e-1774-4330-92dd-a0a86c2549cb,38.756201,8.956330,WaterTank,true,1.0000,22.00
a12f9f63-c477-4f14-9728-9b77d09156e6,38.793858,8.958002,WaterTank,true,1.0000,22.00
4742f4d7-09c7-4c1c-a51c-7fd64c3e8c8e,38.749705,8.947877,WaterTank,true,1.0000,22.00
01322390-0d55-4caf-a4d5-756670881c47,38.774463,8.989542,WaterTank,true,1.0000,22.00
ccaf4e96-9920-4162-8a69-56277ac1ad2e,38.708736,8.969327,WaterTank,true,1.0000,22.00
f30f0820-6eaf-41b7-aee6-2a5afd1d01e9,38.727589,8.946333,WaterTank,true,1.0000,22.00
3cc426db-8558-493a-bcc4-e4a53f7163d9,38.806021,9.027327,WaterTank,true,1.0000,22.00
239a5d60-2628-4aef-87a2-bd60c7408a80,38.774572,9.014732,WaterTank,true,1.0000,22.00
2581bfaa-88f5-4978-a553-2219d83d2267,38.736824,8.967966,WaterTank,true,1.0000,22.00
6381cc98-d081-4de6-b731-bc87d4ab5b52,38.745862,8.935665,WaterTank,true,1.0000,22.00
eba2885d-ec79-47c4-a6bc-6025170cde06,38.783990,8.937214,WaterTank,true,1.0000,22.00
e8edef83-f688-4810-a959-ebea5ba24421,38.722745,9.001107,WaterTank,true,1.0000,22.00
bae04ec8-36ab-4670-8a31-615bb90e9d83,38.710764,8.961485,WaterTank,true,1.0000,22.00
63b9c586-017a-46c0-bb0a-bb7705a3c3b1,38.711948,9.005557,WaterTank,true,1.0000,22.00
b6a4c76f-7700-44ea-9089-1844c02436f0,38.801212,8.988006,WaterTank,true,1.0000,22.00
386f28ba-8ea4-405f-a5b2-509e4b3ec543,38.789423,8.944960,WaterTank,true,1.0000,22.00
a433faa0-5610-42b6-8223-6f5deb2c0320,38.751764,8.962256,WaterTank,true,1.0000,22.00
25d12644-07ef-41ef-92d3-2fcf927c3207,38.747337,8.969688,WaterTank,true,1.0000,22.00
bc70675d-b688-42ea-9300-4dca7b13b987,38.754207,8.935473,WaterTank,true,1.0000,22.00
e8aee745-3566-4995-bf24-039360d85e9d,38.779193,8.940509,WaterTank,true,1.0000,22.00
fd7031f6-a92c-479f-a1b7-9bb622766c49,38.800421,8.989088,WaterTank,true,1.0000,22.00
3add806b-2700-418c-86e4-a5969095a72d,38.741990,9.006831,WaterTank,true,1.0000,22.00
4fa57c34-7bc7-4b9c-a516-8d22e934310d,38.782180,8.934871,WaterTank,true,1.0000,22.00
3e5a8539-9c2d-4d5a-9bae-ee37797f4a9e,38.741472,9.025086,WaterTank,true,1.0000,22.00
3d914f35-69b1-499c-9058-0ccd1bfef1ec,38.755570,8.999741,WaterTank,true,1.0000,22.00
fa7c72bf-6d9d-404c-9c1e-aaf7c4a1577b,38.796782,8.961764,WaterTank,true,1.0000,22.00
854194cd-a323-4fbc-bd9f-5aea2aac1645,38.788863,8.932344,WaterTank,true,1.0000,22.00
a98f521e-5ac5-448f-b4d3-8ed7bc1fc6ef,38.754177,8.980387,WaterTank,true,1.0000,22.00
0d5b05cc-a97c-4dea-af72-079bf1b0f282,38.715143,8.974907,WaterTank,true,1.0000,22.00
c0170c00-34b2-4475-bb78-cfd859e4dbed,38.736013,8.994626,WaterTank,true,1.0000,22.00
2a2604de-70a2-43f5-ad3a-bb9dee1876b5,38.766548,9.028308,WaterTank,true,1.0000,22.00
fa786148-7b92-45f6-a33f-ecea7df98f8a,38.730800,8.980810,WaterTank,true,1.0000,22.00
c5acdf14-2d51-445e-9984-722790db3bd0,38.775669,9.000930,WaterTank,true,1.0000,22.00
723c375e-d364-4fcc-bc19-4d955a84c128,38.752890,8.982222,WaterTank,true,1.0000,22.00
831602ac-4ed4-4fe4-8ff0-5a1073c88d9d,38.791475,8.972569,WaterTank,true,1.0000,22.00
a312a3ac-ba69-4864-b0fe-d4ba6bb34878,38.726268,9.004869,WaterTank,true,1.0000,22.00
40a7590e-68b3-4241-8465-3913d5dbb812,38.772077,9.023523,WaterTank,true,1.0000,22.00
055d453d-968a-4e6d-abb4-b5925e6ea52c,38.775859,8.999817,WaterTank,true,1.0000,22.00
824737b4-4ff5-4826-b009-bbe419217156,38.784696,8.975960,WaterTank,true,1.0000,22.00
6dc26c5b-1b91-4141-8e98-38422cbb17df,38.741974,8.950731,WaterTank,true,1.0000,22.00
773baa7a-7487-4371-bb6d-b88833a8608f,38.764413,8.969762,WaterTank,true,1.0000,22.00
23d5a821-8c16-4aab-888d-887df9bbb48a,38.768685,8.936906,WaterTank,true,1.0000,22.00
54407a7e-9a6f-4c00-8949-68852770cf82,38.757568,8.948254,WaterTank,true,1.0000,22.00
c92fa5a0-5c3a-481a-ba1e-63a8552b578b,38.755379,9.021863,WaterTank,true,1.0000,22.00
a0b76e9e-0a20-409a-9989-d4ac880c623c,38.803143,8.960605,WaterTank,true,1.0000,22.00
d7b5c6de-6a11-4f7a-aec3-6d3fe51864a3,38.802175,9.025502,WaterTank,true,1.0000,22.00
dc816236-a893-461c-b455-da1fffc0115e,38.786014,8.997109,WaterTank,true,1.0000,22.00
25d3efd0-a376-435c-969e-ce5b000670ac,38.724572,8.973827,WaterTank,true,1.0000,22.00
6ead71b5-95dd-4f13-b38a-ab84f6cced59,38.729654,8.961213,WaterTank,true,1.0000,22.00
8b635b87-9056-491c-8d70-b995c1e214f7,38.760417,8.984436,WaterTank,true,1.0000,22.00
019d9675-5500-469b-81d0-61c13efb2781,38.782684,8.947829,WaterTank,true,1.0000,22.00
f4ef5564-7f37-4ae6-972c-49af38b9e4d1,38.743170,8.938226,WaterTank,true,1.0000,22.00
07e3cb87-e0e7-4035-892f-9b72ff845eaf,38.793614,8.941340,WaterTank,true,1.0000,22.00
fe7f6c37-5ffd-4781-9cb6-271a6844fde3,38.769450,9.008205,WaterTank,true,1.0000,22.00
d2edd5e4-ecc2-42c3-b9a4-2078ffd1a524,38.761171,8.968695,WaterTank,true,1.0000,22.00
a52b565b-03f7-4a1d-984b-6026ffa4b19e,38.745969,8.964820,WaterTank,true,1.0000,22.00
d930b935-8bf4-4c1e-8ddf-e8f0d47fc01d,38.793824,8.943044,WaterTank,true,1.0000,22.00
5fa8742c-ebf9-42ef-b905-ca91d5dfb737,38.761230,8.953863,WaterTank,true,1.0000,22.00
f9e88ce5-b3ac-4902-b9cf-f2a1b7d2da41,38.711408,9.011633,WaterTank,true,1.0000,22.00
af80f81a-3e63-4ea2-92af-1837d02d1600,38.790712,8.947830,WaterTank,true,1.0000,22.00
1d291408-40dd-46d6-8934-80909986ded7,38.774203,8.978001,WaterTank,true,1.0000,22.00
c9d0c9c5-6cc6-43eb-8a4d-236da1b56c27,38.710808,9.004485,WaterTank,true,1.0000,22.00
bd09e201-22f3-45a3-9945-886592e42110,38.730398,9.002987,WaterTank,true,1.0000,22.00
e76ebc68-ac8d-4ac7-9094-2e3d27bb2e6f,38.766385,9.027440,WaterTank,true,1.0000,22.00
146fbd0d-4e94-4ae8-b6cf-5ff3dcc61ea5,38.731542,9.001682,WaterTank,true,1.0000,22.00
90e758c4-02d2-4bf8-9f99-5ff8d7bb7b31,38.709590,9.012715,WaterTank,true,1.0000,22.00
8cd0279e-a295-4dfd-b906-5032c5c255f0,38.777411,8.944158,WaterTank,true,1.0000,22.00
f7cc6426-9287-4975-a23f-a0c4871f3ef2,38.803423,8.982518,WaterTank,true,1.0000,22.00
3739f1f1-4242-4e67-94fc-c26394b9d44d,38.716678,8.936651,WaterTank,true,1.0000,22.00
373b9e3a-24d5-4151-941d-fdaf05ceef5d,38.762578,8.952915,WaterTank,true,1.0000,22.00
37709014-daed-4cf6-aaf7-78bef30db686,38.747791,9.006883,WaterTank,true,1.0000,22.00
25b82763-de4f-41e8-9843-c7eefaf5da54,38.786208,8.955572,WaterTank,true,1.0000,22.00
6174f9a4-8724-402f-b974-d99e34acb514,38.735722,8.942256,WaterTank,true,1.0000,22.00
f2e85f5e-f092-445f-96bd-296d4bb767d5,38.722487,8.935430,WaterTank,true,1.0000,22.00
b7e18f0c-4534-4312-b971-8ff7f4a65c14,38.784510,8.932913,WaterTank,true,1.0000,22.00
d18e7d5e-d378-4f99-bcbb-faad7ff4325e,38.793272,8.975950,WaterTank,true,1.0000,22.00
09edd1ee-9fb4-4f44-9d04-6bb184cd430a,38.782981,8.952990,WaterTank,true,1.0000,22.00
0e9594f0-d931-48e3-8617-e0744aa19567,38.798618,8.961476,WaterTank,true,1.0000,22.00
925198f3-4dd0-4724-9aeb-f90d1278010a,38.771621,8.972856,WaterTank,true,1.0000,22.00
4eaba589-9602-4a9b-bce2-dbcd5de66946,38.715571,8.972303,WaterTank,true,1.0000,22.00
393773ef-1680-4596-8a31-18508d7dcc80,38.762215,8.932757,WaterTank,true,1.0000,22.00
ab75f2c1-8f92-4ea1-8adb-b7d114fe0567,38.803390,9.022187,WaterTank,true,1.0000,22.00
06e63bd7-d8a1-4f85-822c-5553fc605d55,38.778735,9.023952,WaterTank,true,1.0000,22.00
454c1681-4475-44ec-9815-a520a2f8b9a2,38.728241,8.990336,WaterTank,true,1.0000,22.00
0e8a27cb-d041-48c8-a98c-74bc3d07d6bb,38.777872,9.017347,WaterTank,true,1.0000,22.00
07e93fce-ea72-4f5a-94dc-ac06e9d172af,38.724411,8.970316,WaterTank,true,1.0000,22.00
4e887dea-2efa-4afe-a11f-b714c314fb8c,38.750672,8.951544,WaterTank,true,1.0000,22.00
128407a0-49c9-4e97-90ee-f5610234227a,38.716208,8.956845,WaterTank,true,1.0000,22.00
3859f08b-89da-4c61-a5da-938ad8fdc4d0,38.802946,8.942351,WaterTank,true,1.0000,22.00
c6e57986-6703-4c0c-9b2c-edf86d31a393,38.734981,9.018117,WaterTank,true,1.0000,22.00
6c466531-824d-453f-abda-35a236cf4ce5,38.761426,9.004019,WaterTank,true,1.0000,22.00
c3f59e8a-99cb-45f1-ad10-604b4e8e4074,38.779060,8.956069,WaterTank,true,1.0000,22.00
25b1ef5b-e94d-4b88-9118-233cff547a74,38.755081,8.978808,WaterTank,true,1.0000,22.00
41248744-0f63-4a33-aa64-6c95624fd6d0,38.780927,8.939921,WaterTank,true,1.0000,22.00
a0405c9c-655d-4b2f-8b75-67e5348e568a,38.776582,8.955970,WaterTank,true,1.0000,22.00
7fe52b80-fe1c-4b35-a61a-76b90f71489a,38.765561,9.009366,WaterTank,true,1.0000,22.00
aafd50f5-2e7f-4ace-8be4-98b20497c409,38.737586,9.023829,WaterTank,true,1.0000,22.00
ca6b03ef-2efe-496d-ba9f-394f26840fa8,38.806644,8.982917,WaterTank,true,1.0000,22.00
d431c5e7-2e8c-4c35-91e5-cc5f4754fa86,38.793331,8.939354,WaterTank,true,1.0000,22.00
92f07114-9c84-4bd1-98c3-b1f24f38647e,38.713200,8.974236,WaterTank,true,1.0000,22.00
127b8833-c32b-4139-8ccd-643ff4cf5b62,38.726981,9.018483,WaterTank,true,1.0000,22.00
cf9c1e42-ca28-47fd-b757-0e249b29dab1,38.708248,9.014664,WaterTank,true,1.0000,22.00
e77a2310-a863-43e1-b30e-18e98d4c933c,38.752211,8.947415,WaterTank,true,1.0000,22.00
fb7f76d6-8439-4b4d-b92b-63831729a93e,38.793165,9.003697,WaterTank,true,1.0000,22.00
ec5ba1d4-b8b1-49d3-9ee2-8b502842a01d,38.713727,8.990194,WaterTank,true,1.0000,22.00
542b610e-0d38-42c5-93a0-2c498c28cacc,38.726724,8.960841,WaterTank,true,1.0000,22.00
e52bcb2a-b47e-410b-896f-26f25eed260b,38.739731,9.021125,WaterTank,true,1.0000,22.00
2365f32d-28ad-4f90-9c74-a154781825b3,38.786138,8.932034,WaterTank,true,1.0000,22.00
c34f4137-ff8a-4c5f-8f5c-65e0216facc9,38.727774,8.941920,WaterTank,true,1.0000,22.00
437c13e2-9853-4ddf-be96-ddea41baf2ee,38.718959,9.011751,WaterTank,true,1.0000,22.00
15cc1d0f-132e-46c3-8896-6db042c839b8,38.726011,8.952924,WaterTank,true,1.0000,22.00
df6aace9-2574-41f9-804b-24cc3403018f,38.739292,8.977940,WaterTank,true,1.0000,22.00
82bd8e9f-8f33-4d2b-b2da-c029af755cd0,38.805574,8.935393,WaterTank,true,1.0000,22.00
9ef26f8f-b5c2-4fea-bc32-20f5c489c3e7,38.769555,9.001097,WaterTank,true,1.0000,22.00
4d54a25d-63e5-45b8-99e2-4c5fda1f8970,38.806572,8.967509,WaterTank,true,1.0000,22.00
868d7610-f796-411f-b884-f8c43f234d1b,38.779888,8.981061,WaterTank,true,1.0000,22.00
ad8ebbcf-f452-4c13-ac3b-3c6160f27b62,38.780193,8.940654,WaterTank,true,1.0000,22.00
2b57492d-d756-404f-b6e9-47d7677609bc,38.731308,8.985551,WaterTank,true,1.0000,22.00
3fe96e32-1a4b-404e-a223-7bdcadda7e08,38.742430,8.964453,WaterTank,true,1.0000,22.00
645b8638-6283-4dd7-967f-62734ae33813,38.785862,9.012959,WaterTank,true,1.0000,22.00
f3049249-ba08-445f-a3b0-5775b6254500,38.801162,8.949188,WaterTank,true,1.0000,22.00
95969442-9108-474d-97d4-a715f8bbcede,38.807248,8.978618,WaterTank,true,1.0000,22.00
c2807ddd-cd61-4dd7-b906-5a6ab2acf7b2,38.717620,8.932408,WaterTank,true,1.0000,22.00
05d2821c-ac0f-42eb-94ec-7f4738c36ea7,38.738789,9.028511,WaterTank,true,1.0000,22.00
4bb1c5dd-bb7a-4393-85a0-6a17a7a70426,38.715720,8.972896,WaterTank,true,1.0000,22.00
994f5f21-b96e-441f-813c-8f6ecab44d85,38.712126,9.017324,WaterTank,true,1.0000,22.00
18f248e5-0489-485e-b3a8-a8204be9efcf,38.758311,8.969661,WaterTank,true,1.0000,22.00
3c1e955d-7b55-4c0a-b96e-bdc59ed21a08,38.709620,8.948764,WaterTank,true,1.0000,22.00
9942df53-3949-4649-9dcd-eaeea49b6fe8,38.768074,8.976171,WaterTank,true,1.0000,22.00
d5588534-99d2-4e1d-b701-2ac619514e88,38.776245,8.965237,WaterTank,true,1.0000,22.00
314e1eb6-e2e2-49a5-a61a-37d4276ac683,38.782625,8.970812,WaterTank,true,1.0000,22.00
9ea5a775-73d2-41b1-8c3b-b2812f026488,38.752572,8.991251,WaterTank,true,1.0000,22.00
b4117fab-7544-4ae0-ae2e-f177be908778,38.798322,9.013371,WaterTank,true,1.0000,22.00
bb919e98-a0e0-4b74-8f22-ec807cb36a9d,38.779516,8.980337,WaterTank,true,1.0000,22.00
4fb87be7-2168-440c-938a-55332d3d85b9,38.775326,8.964338,WaterTank,true,1.0000,22.00
7a51fd26-6e78-44c0-a8a5-21f83637612c,38.807580,8.988793,WaterTank,true,1.0000,22.00
a86e84dc-1254-425f-a7f3-1011392959d1,38.747687,8.968911,WaterTank,true,1.0000,22.00
07f9b489-c7be-4802-a3f9-12101357d4e0,38.728643,9.001249,WaterTank,true,1.0000,22.00
41f9c7a9-699c-4c30-b8cb-811a9a4020db,38.806505,9.010799,WaterTank,true,1.0000,22.00
542eda92-9861-4403-b6cb-f7a231b07a78,38.736679,8.962796,WaterTank,true,1.0000,22.00
8bb3cf66-827e-4d29-b3f8-00958c7e7d18,38.801694,9.022285,WaterTank,true,1.0000,22.00
5063a91f-de82-4e0e-9363-beb538172e9c,38.715310,9.030366,WaterTank,true,1.0000,22.00
68172e29-e840-4689-9e70-4190fba61eff,38.738409,8.996475,WaterTank,true,1.0000,22.00
167dc7d4-e6a1-4165-86b5-59ab6203a0d9,38.744730,8.942070,WaterTank,true,1.0000,22.00
4f076a0b-7737-481e-9b59-1dec2467b5a3,38.727929,8.985249,WaterTank,true,1.0000,22.00
a92ad335-5114-43e7-bfd5-f9302ca8b0d6,38.718282,9.017358,WaterTank,true,1.0000,22.00
717db78f-6695-4937-b58b-f998e5ecba4d,38.789547,8.982171,WaterTank,true,1.0000,22.00
ec06845e-4353-4be3-b7d6-dbeed299d2c5,38.759857,8.943165,WaterTank,true,1.0000,22.00
ce313639-c915-46f3-b245-ceec6ddecdcb,38.790031,8.983445,WaterTank,true,1.0000,22.00
99275f81-ef8a-426d-86c6-37871c233c90,38.737286,8.971598,WaterTank,true,1.0000,22.00
2c4aed63-ae6a-426a-9422-7d02cd08ab80,38.750219,8.991978,WaterTank,true,1.0000,22.00
312ca2aa-cb52-424f-a789-2b676073ad5a,38.774009,8.953267,WaterTank,true,1.0000,22.00
c1eba570-6e47-4eba-914f-a950b2717a75,38.744548,8.979735,WaterTank,true,1.0000,22.00
cd74c376-cf84-4994-89ef-630b4114c850,38.771593,8.957021,WaterTank,true,1.0000,22.00
dd6a01bb-6e28-4395-8263-ed7169bb6527,38.768614,8.951742,WaterTank,true,1.0000,22.00
95949109-88f2-4a6b-a232-7cfc77bf79f5,38.769015,8.981638,WaterTank,true,1.0000,22.00
120f0080-16f7-4340-8bfa-de37495bcc3f,38.752303,8.961504,WaterTank,true,1.0000,22.00
06815d36-8943-46df-92e1-6af20495f3e6,38.781154,8.947914,WaterTank,true,1.0000,22.00
409ceabe-cbed-4240-ae34-9a47c9643f84,38.751604,9.012016,WaterTank,true,1.0000,22.00
fccbe6cf-13d8-473d-811f-19b6376bd2e0,38.778544,8.970649,WaterTank,true,1.0000,22.00
117bccc5-8b7e-4aa4-bfd6-0ccd1b995ec5,38.760905,8.939197,WaterTank,true,1.0000,22.00
224f3926-51b0-4f15-84b1-fc9a866c6261,38.793221,8.949180,WaterTank,true,1.0000,22.00
f35d0b30-bbb5-4292-b7c8-18582141a1a0,38.749384,9.015254,WaterTank,true,1.0000,22.00
8ac626e3-9dff-4ab9-b428-f84d9a93a41d,38.761344,8.982394,WaterTank,true,1.0000,22.00
3b314223-3902-479c-8c1a-0a8a6d54b949,38.740055,9.028363,WaterTank,true,1.0000,22.00
e1c3d795-2032-4fdb-9a99-b39bd4e1e908,38.742307,9.009567,WaterTank,true,1.0000,22.00
781d512d-e541-4014-b6ad-b47c58e0df8a,38.718097,8.992015,WaterTank,true,1.0000,22.00
124d227b-98f5-4ed7-a14d-323d2da92de6,38.786157,9.001914,WaterTank,true,1.0000,22.00
85a08fb6-45b9-4b0d-8539-3d79a4e97493,38.776275,9.012462,WaterTank,true,1.0000,22.00
f005b3fb-8cde-4f1c-8929-8676e5f7991d,38.756406,8.981388,WaterTank,true,1.0000,22.00
66534a49-2ffa-47dc-9b65-e58a8316a498,38.779587,8.995944,WaterTank,true,1.0000,22.00
07f2e5d1-74bd-47c8-8ffd-eb4a124cfa65,38.753706,9.023049,WaterTank,true,1.0000,22.00
6445ec83-da91-4c86-95c3-ada3982885d8,38.758715,9.008705,WaterTank,true,1.0000,22.00
8d09d782-94d9-4b27-85c5-d7cf084c227c,38.727340,9.005254,WaterTank,true,1.0000,22.00
355d0c8e-ad85-4b26-adf4-01edc3b476ed,38.722412,9.012291,WaterTank,true,1.0000,22.00
6c3bad38-d173-4971-8171-5f578e985620,38.806133,9.007921,WaterTank,true,1.0000,22.00
6f147dcb-4389-4648-8b27-952f66580872,38.712665,8.984204,WaterTank,true,1.0000,22.00
1cb96c3d-e69e-409b-9670-608266b65633,38.728136,9.023318,WaterTank,true,1.0000,22.00
a087b3ba-7ef9-431a-a0b5-a864f507a0f8,38.713270,8.999744,WaterTank,true,1.0000,22.00
cfd80c2a-395d-4bda-9d30-5a4b6cc38e81,38.799289,8.936078,WaterTank,true,1.0000,22.00
48f02825-f3f4-4d5b-81a8-08f39229685f,38.762423,8.994669,WaterTank,true,1.0000,22.00
862d6f4d-4900-4916-adde-3877053bb53e,38.765328,8.949571,WaterTank,true,1.0000,22.00
d9674032-2f50-433b-b09b-b93d40efa364,38.712967,8.950324,WaterTank,true,1.0000,22.00
eecdaa11-aa0d-4aa6-bc81-4750f17909bd,38.738260,8.984306,WaterTank,true,1.0000,22.00
6d68b5de-8fde-4d88-8653-4018cd7cfd2a,38.730153,8.942949,WaterTank,true,1.0000,22.00
205fc597-3355-4f91-878d-e39226128fb6,38.779056,8.950672,WaterTank,true,1.0000,22.00
b5f2a762-3736-4236-a726-fdd7aecec2f8,38.716074,8.977128,WaterTank,true,1.0000,22.00
38365406-7798-4b72-81a8-2ec1d08c34ed,38.801524,9.003127,WaterTank,true,1.0000,22.00
43db4d64-0214-44da-950d-e734224cbf0c,38.802376,8.979666,WaterTank,true,1.0000,22.00
212ddb45-7368-4b3c-96ae-ef05d1b00229,38.728878,9.015866,WaterTank,true,1.0000,22.00
ebb2c4e6-3132-4c8b-8001-37edb519fa93,38.758416,8.964671,WaterTank,true,1.0000,22.00
59dea8f8-9055-4333-aefe-89e1cc7f65a4,38.804127,8.980997,WaterTank,true,1.0000,22.00
98476a01-c1b9-4b7a-8227-39e8c8a1e515,38.720736,8.993205,WaterTank,true,1.0000,22.00
f593091b-fd15-49bc-a9b1-8f0d2d89b4cc,38.728157,9.019471,WaterTank,true,1.0000,22.00
1cb9c4cd-b3ec-4ab6-a75b-65fa5cf47fa1,38.761523,8.941595,WaterTank,true,1.0000,22.00
622b361d-230a-4207-b15a-bbb8efdfce12,38.775270,9.012224,WaterTank,true,1.0000,22.00
87011cfa-14c3-43b2-a487-39ec11f0afb7,38.778681,8.961339,WaterTank,true,1.0000,22.00
d2798005-65a6-41de-9690-7836fb9e3147,38.714942,9.004476,WaterTank,true,1.0000,22.00
a9b59b44-191c-4d7f-917e-e37fcfecf88d,38.708200,8.960521,WaterTank,true,1.0000,22.00
28fbbc63-6718-4113-9109-6ea7e1cc316b,38.750694,9.009612,WaterTank,true,1.0000,22.00
5343a8ff-0e66-4b35-bdac-46b02978dc56,38.730697,8.961741,WaterTank,true,1.0000,22.00
158f42d0-00a3-414e-8838-1f9feeda8561,38.772214,8.940746,WaterTank,true,1.0000,22.00
6e90dd84-0ae0-4c13-a4da-02bfcc164b21,38.768335,8.994793,WaterTank,true,1.0000,22.00
4554a720-d830-4de1-8183-e395ce174067,38.805263,9.027867,WaterTank,true,1.0000,22.00
9633f024-e9df-4b4e-adad-d6ade7bcfe00,38.745736,8.963659,WaterTank,true,1.0000,22.00
2f183ef3-068a-4d8e-9622-1ba4ce22ca69,38.735393,8.936363,WaterTank,true,1.0000,22.00
8142ef30-4108-4311-9e75-3f0795dece84,38.719112,8.986892,WaterTank,true,1.0000,22.00
d517c75b-91e2-4f69-980b-6a45820b806e,38.776124,8.988750,WaterTank,true,1.0000,22.00
5ee38bc4-5d40-46eb-a522-3bf3ae5bbd49,38.761487,8.948009,WaterTank,true,1.0000,22.00
c6d84186-536e-4363-abb3-5c534cdb2733,38.750004,9.005612,WaterTank,true,1.0000,22.00
e9a65c00-361e-48df-8b12-104c4d45f601,38.728743,9.008285,WaterTank,true,1.0000,22.00
f637287e-203b-4614-9d87-cce98605c8a1,38.751838,9.024020,WaterTank,true,1.0000,22.00
869fcbe6-0248-4514-8ea2-84c1deb101a6,38.721115,9.028164,WaterTank,true,1.0000,22.00
88aa8ca9-cffb-47a7-8a4b-fe3efba0cef9,38.767375,9.022129,WaterTank,true,1.0000,22.00
67b819bb-13a6-4e43-b189-65b44d44fa4f,38.797879,9.015465,WaterTank,true,1.0000,22.00
e3a41430-0040-4162-9219-4f6e34acc404,38.727882,8.977172,WaterTank,true,1.0000,22.00
ddb2bf61-f178-41c1-864f-f4197f22948f,38.799123,8.968696,WaterTank,true,1.0000,22.00
35cc647f-6ffd-4121-8a38-a94459e9a4bf,38.791281,9.010732,WaterTank,true,1.0000,22.00
94a17a67-cef2-4db9-80c0-7a8128fca027,38.777834,9.011959,WaterTank,true,1.0000,22.00
c804c630-d45a-4972-8c51-a9a2fbc163b9,38.753901,9.029980,WaterTank,true,1.0000,22.00
f5aa0f9a-0876-4802-882f-e4ebf6654f27,38.747973,9.024337,WaterTank,true,1.0000,22.00
a27a6a25-ea0f-4318-92e7-1993c9d1f9ce,38.713407,8.956435,WaterTank,true,1.0000,22.00
d73e803a-1adb-4676-82bf-2e926aff42ba,38.709758,8.951063,WaterTank,true,1.0000,22.00
41faba5a-3f43-4208-b1c9-c4ad052e57fc,38.723101,8.944875,WaterTank,true,1.0000,22.00
96529173-fef3-4bb7-baf9-cfadbb37248d,38.722100,8.946429,WaterTank,true,1.0000,22.00
ee4ade1f-9f2a-4dff-a313-67193b5d859f,38.800522,8.934181,WaterTank,true,1.0000,22.00
a643ddca-c627-4c0c-99e7-85593297c682,38.753907,8.939070,WaterTank,true,1.0000,22.00
b20c5d66-381b-4ee9-98f6-feb747ce4966,38.779184,8.939154,WaterTank,true,1.0000,22.00
4bdbe126-cf17-4f8e-88aa-4e60c382cb9b,38.760971,9.029126,WaterTank,true,1.0000,22.00
e5a2b150-d3cd-4a51-bd89-2a937cec90f8,38.721266,8.987797,WaterTank,true,1.0000,22.00
de151447-108e-4001-9539-bba6c68d029b,38.803149,9.023764,WaterTank,true,1.0000,22.00
1d7b10b1-823a-434a-b9a0-8c3107bc17cf,38.741208,8.932056,WaterTank,true,1.0000,22.00
b8f6959e-07d0-44eb-9773-99e66bdb578d,38.737820,8.992613,WaterTank,true,1.0000,22.00
eea2088f-515e-413d-a649-18cc8d8942c4,38.725430,9.011688,WaterTank,true,1.0000,22.00
32974d96-3e46-41c5-a670-1da1102a647c,38.799840,8.977930,WaterTank,true,1.0000,22.00
9b3aa35d-6b67-4ac2-a645-b9d36dda0dc6,38.771756,8.930709,WaterTank,true,1.0000,22.00
32b5297a-e46a-42e1-b640-83cf094a1746,38.805709,9.025607,WaterTank,true,1.0000,22.00
13c1ac70-9ad2-4254-98e2-994b84569084,38.713624,9.013787,WaterTank,true,1.0000,22.00
759ca052-7c00-4046-8d5f-eddb67965713,38.800222,9.012664,WaterTank,true,1.0000,22.00
9d0e9bf0-9d89-43ba-b83b-c0ba6ac79eb1,38.738824,8.945963,WaterTank,true,1.0000,22.00
0619f3ad-5139-4728-b627-fba497d4edb0,38.797540,8.934412,WaterTank,true,1.0000,22.00
187b01f3-3941-4dc4-a35b-74310fc2e283,38.760217,8.963278,WaterTank,true,1.0000,22.00
61dbaaa6-df7c-4cb9-a352-b01e83e20735,38.755475,8.980236,WaterTank,true,1.0000,22.00
e261f633-15e4-413e-a91c-37ff671b1330,38.746798,8.954128,WaterTank,true,1.0000,22.00
7f992c34-d1b4-4546-bfe7-1c053294df22,38.761682,8.970781,WaterTank,true,1.0000,22.00
2c37dcd6-9371-4cfb-827e-f29bf5245fa3,38.777456,8.951609,WaterTank,true,1.0000,22.00
6735e576-0b64-443c-9050-6b0522706cf2,38.803562,8.951274,WaterTank,true,1.0000,22.00
40482862-2d7e-4f34-a65a-db832ad05aec,38.736923,8.945639,WaterTank,true,1.0000,22.00
2577c30c-f880-4984-90a7-5eda32045510,38.739827,8.935867,WaterTank,true,1.0000,22.00
675fa902-d05b-448c-ab46-69119803b4a1,38.733636,9.020302,WaterTank,true,1.0000,22.00
3f719e4a-2923-4f20-905f-47e530c89b31,38.791022,8.976041,WaterTank,true,1.0000,22.00
1bca0928-b6f8-433d-b6e1-02cc53d8a081,38.782651,9.026645,WaterTank,true,1.0000,22.00
7a2ba4dc-e987-43f4-bdc7-39de705353d4,38.718742,8.982516,WaterTank,true,1.0000,22.00
f418950c-6c26-4307-952d-35a590cb5fd7,38.763217,8.934082,WaterTank,true,1.0000,22.00
ce3cacdb-7b1c-45b4-9f37-f72a50a71ff4,38.768828,8.964558,WaterTank,true,1.0000,22.00
d1afef2d-9470-468a-aada-1267f328be81,38.730259,8.964561,WaterTank,true,1.0000,22.00
95b8b9a3-4459-4ded-bcc8-a23301d20ce2,38.712534,8.963165,WaterTank,true,1.0000,22.00
770ea18f-99c3-4b05-acef-13dc28dfd65d,38.731791,9.002852,WaterTank,true,1.0000,22.00
6aed27c8-7905-4b27-8c98-5b6645c9983b,38.731476,8.945357,WaterTank,true,1.0000,22.00
a71efdf8-a85b-4b11-8daa-4b6d736be590,38.760125,8.993577,WaterTank,true,1.0000,22.00
77244f63-4523-489f-8912-2c6124e6520c,38.757087,8.995631,WaterTank,true,1.0000,22.00
1b6b1c53-0399-491d-9807-0a2c063e86b4,38.743773,8.980999,WaterTank,true,1.0000,22.00
5cd6e7b4-db11-4f83-8b54-750a84944736,38.793426,8.987611,WaterTank,true,1.0000,22.00
04bdec0e-1746-4563-a9e8-b1e02b22f000,38.769059,9.021160,WaterTank,true,1.0000,22.00
1fcb794f-12b5-413c-83b3-9e4041d0471f,38.723298,8.944032,WaterTank,true,1.0000,22.00
7c4fe4fd-ec12-4c0c-90fc-1ce47e902e5f,38.805710,8.997581,WaterTank,true,1.0000,22.00
207e27da-6bed-417a-af72-bd02c6180382,38.722048,8.996414,WaterTank,true,1.0000,22.00
a71bcfe3-4670-4802-8260-f4e5311dbf1b,38.799073,9.001544,WaterTank,true,1.0000,22.00
d5cdefb7-9c94-4655-8ac7-99f7c99d6346,38.780760,8.937120,WaterTank,true,1.0000,22.00
1fee7329-f7e5-4091-8859-7f69a1424de2,38.783113,8.995885,WaterTank,true,1.0000,22.00
52e11c10-b49b-45c1-9374-f46f69860c31,38.771203,9.015985,WaterTank,true,1.0000,22.00
489a15f8-1200-4b6f-85f5-8f539bd7a3d8,38.762981,8.967242,WaterTank,true,1.0000,22.00
cf9b4c6c-9617-4c97-b29f-f6888b704b73,38.768537,8.971286,WaterTank,true,1.0000,22.00
1bd59564-f3e3-4f79-a080-a99703053df2,38.713678,8.985893,WaterTank,true,1.0000,22.00
bd864b47-9744-466b-9c9f-c963af0fee37,38.784615,9.000544,WaterTank,true,1.0000,22.00
3a834084-edb7-4fbc-9bbf-b5d6f9be2c16,38.742231,8.934582,WaterTank,true,1.0000,22.00
43b62030-590c-4813-afc6-310eed7fde6c,38.754658,8.970510,WaterTank,true,1.0000,22.00
5fbdfc02-ea87-4caa-82d2-7ca6056341f0,38.764813,8.938145,WaterTank,true,1.0000,22.00
89267e45-9120-4456-b028-438a3eadc64a,38.763151,8.937645,WaterTank,true,1.0000,22.00
110bfa8e-41c8-44ac-8066-71d2037c3e17,38.757337,9.024292,WaterTank,true,1.0000,22.00
83ad4e4b-bed3-47cd-926f-7f0f8063fff7,38.790982,9.000512,WaterTank,true,1.0000,22.00
501d9d48-7c16-430a-ac54-9f57f4455727,38.748341,8.972545,WaterTank,true,1.0000,22.00
2ecfa186-0b3c-4e72-a737-d8cb95123027,38.715183,8.933715,WaterTank,true,1.0000,22.00
25442c3e-0232-457b-8a4f-723a4441d898,38.736329,8.963143,WaterTank,true,1.0000,22.00
3bb9eef0-b7fb-498f-9f66-f50c12fc0d50,38.795070,8.959372,WaterTank,true,1.0000,22.00
9986475c-6f9c-4407-b137-948a471a99cc,38.730276,9.020600,WaterTank,true,1.0000,22.00
533a2e01-1937-4601-99d8-bca80f8ed1a5,38.734130,8.996574,WaterTank,true,1.0000,22.00
f851853e-78bb-48c1-bf6e-c330331d4044,38.731585,8.957671,WaterTank,true,1.0000,22.00
cd1c183b-3eaf-4099-bfa3-4a37b4de5378,38.715708,8.991892,WaterTank,true,1.0000,22.00
8a329bff-eefc-4ef9-9803-f60a4a5717b1,38.798575,8.964623,WaterTank,true,1.0000,22.00
a0c1f133-cf28-4c6c-9d18-f95d109b8c80,38.772366,8.974703,WaterTank,true,1.0000,22.00
f9a371bf-5cf8-46d2-b2d9-f79eb9dfbe08,38.760458,8.955989,WaterTank,true,1.0000,22.00
028b1465-fb56-48e2-a7b0-f6b34141f803,38.763716,8.999959,WaterTank,true,1.0000,22.00
92012b53-2b50-4168-b6c5-75c8394216d4,38.776731,8.982413,WaterTank,true,1.0000,22.00
65007544-2d72-4702-9fb6-fe33c885299c,38.805601,8.938013,WaterTank,true,1.0000,22.00
0950a133-e566-4ea0-ac9a-9179222de56c,38.770078,8.938707,WaterTank,true,1.0000,22.00
74156171-5f0a-4f8e-85c6-6d52f8ac6e9c,38.714692,8.946170,WaterTank,true,1.0000,22.00
4eaba5fa-d3d2-44c6-ab2c-d8fbeeac7749,38.796122,8.950918,WaterTank,true,1.0000,22.00
31b54637-8eb8-4db6-9fc7-d5e9273c8401,38.806885,9.009903,WaterTank,true,1.0000,22.00
3097551d-687e-4500-83f6-41bcb3503fe6,38.751713,9.004976,WaterTank,true,1.0000,22.00
ecdf2ddd-4030-4dd0-ad79-ea8f666eafdd,38.715316,8.972997,WaterTank,true,1.0000,22.00
cc6f0a53-7eb8-4154-87b4-2c700bd6e394,38.764997,8.987412,WaterTank,true,1.0000,22.00
c74aedd4-e784-45e5-9cc1-d3da618b3c9b,38.774387,8.985345,WaterTank,true,1.0000,22.00
95ccc1f3-7f40-4e48-9026-9208b10f5605,38.755094,8.944670,WaterTank,true,1.0000,22.00
1f467baa-50e7-4501-9726-0edd92dc87b7,38.749881,8.984751,WaterTank,true,1.0000,22.00
704c889d-df38-4fde-ac6b-7d24e1039544,38.796984,8.931689,WaterTank,true,1.0000,22.00
987b0205-7730-443b-b1ea-548500815c6c,38.782073,8.994786,WaterTank,true,1.0000,22.00
3fc6f6e7-455f-48c3-8a0c-b7864ea60e20,38.778089,9.012725,WaterTank,true,1.0000,22.00
0558779d-0aad-4638-a671-f89bd88a4ed8,38.748660,8.964606,WaterTank,true,1.0000,22.00
699c377a-45a6-4502-b3c5-4612e251eaa3,38.787021,8.997795,WaterTank,true,1.0000,22.00
57abd513-f820-434e-a4d2-15b5c46fc465,38.747435,8.998618,WaterTank,true,1.0000,22.00
d09bade3-073a-4dd4-b173-002e4297543c,38.732112,8.946644,WaterTank,true,1.0000,22.00
0b2c8f04-dce1-4325-9735-0443c4881c7f,38.744778,9.023956,WaterTank,true,1.0000,22.00
9ec2cf31-fdd1-47da-8d43-f87f17c51a8a,38.747593,8.948817,WaterTank,true,1.0000,22.00
0bdc6fdc-dadc-469d-abd5-3508a4ba2201,38.735406,9.021987,WaterTank,true,1.0000,22.00
98b48c90-778c-4efd-92bf-71ab7928a0b8,38.708660,8.993191,WaterTank,true,1.0000,22.00
e94c5280-84d8-43cc-812c-4cc7ab1b6410,38.711207,9.006370,WaterTank,true,1.0000,22.00
0e4e1a2a-82b1-4d93-94fa-9a2e98e08416,38.743172,8.973233,WaterTank,true,1.0000,22.00
3bcacfbf-08cd-4a47-88db-6e0a7e2396f9,38.742603,8.964709,WaterTank,true,1.0000,22.00
306c2c4f-4cd3-423c-903c-ab08d868d594,38.797373,8.935286,WaterTank,true,1.0000,22.00
901c0a06-92ac-43bd-be9f-4c19b2f06c5b,38.734541,8.993404,WaterTank,true,1.0000,22.00
d046b1ea-547a-4ea2-92cc-81c82e0616e9,38.785741,8.966352,WaterTank,true,1.0000,22.00
ba0a33e6-ea71-4208-bc74-3a791e7d1d38,38.731042,8.946047,WaterTank,true,1.0000,22.00
b6dbf462-26f0-49f4-b188-60f96de2e9a2,38.731004,8.935115,WaterTank,true,1.0000,22.00
bf5ea465-cd88-403c-b413-dc051e97b2d7,38.807187,8.984544,WaterTank,true,1.0000,22.00
b460c540-ae71-4cd5-96e1-a1decd0a0b2b,38.779306,8.945356,WaterTank,true,1.0000,22.00
8d6518fb-d46f-4176-8d2c-3bd0f30dfb18,38.805460,8.969132,WaterTank,true,1.0000,22.00
9a437801-dcf3-4d30-b7ff-bdaad9c315f9,38.757689,8.934475,WaterTank,true,1.0000,22.00
5b21837d-eef1-445b-988c-50c56a4397d9,38.744601,8.948540,WaterTank,true,1.0000,22.00
ef91d6d1-72b7-4e08-a603-f5ca788b85cf,38.726273,8.951447,WaterTank,true,1.0000,22.00
145ddeb7-fccf-4886-9924-893a3addc8f7,38.753384,9.014780,WaterTank,true,1.0000,22.00
23029951-f56b-4976-9950-0bc9748d5b4c,38.765910,8.978368,WaterTank,true,1.0000,22.00
fd793f1f-8b5f-433b-b02a-1a928abf2e65,38.759232,8.968399,WaterTank,true,1.0000,22.00
737e2738-2531-4d43-acbe-b3e124efec51,38.733594,9.017638,WaterTank,true,1.0000,22.00
195600f1-4198-4124-b2e1-5a564b6c6063,38.792101,8.999478,WaterTank,true,1.0000,22.00
31b6f386-441d-49f8-9601-e5ef2f766d42,38.712535,8.952856,WaterTank,true,1.0000,22.00
4ad278ec-e76b-4c3c-9c29-7cac91f19c51,38.747793,9.027302,WaterTank,true,1.0000,22.00
7949dd72-753a-4025-b988-d6c22dd2c59a,38.781554,9.005682,WaterTank,true,1.0000,22.00
cb6234da-b9dd-4361-b815-2283f994eee6,38.791646,8.957296,WaterTank,true,1.0000,22.00
de4d5df9-ed20-4246-8d32-936ca9a8da22,38.729341,8.953194,WaterTank,true,1.0000,22.00
f8b55897-f9fa-4fc2-baec-d80007ef7329,38.773512,9.007712,WaterTank,true,1.0000,22.00
3b5ffb1d-06f9-4ef7-8780-9260d55ce6c6,38.743118,8.940667,WaterTank,true,1.0000,22.00
8b672d8e-2b27-4a46-b6a4-520b3440ba91,38.767977,9.030505,WaterTank,true,1.0000,22.00
869e6adf-11ba-4d49-befd-c27b2ee48529,38.708390,9.023269,WaterTank,true,1.0000,22.00
83315ca5-267d-4ac5-bda4-a9f737618db0,38.750003,9.000933,WaterTank,true,1.0000,22.00
7dc5bf40-a199-4dff-b692-c37459295a1e,38.766694,8.996788,WaterTank,true,1.0000,22.00
3c721761-e4be-4b0e-8a5d-e6c635c9a6f3,38.765448,8.978651,WaterTank,true,1.0000,22.00
743ca026-da01-42b2-b915-7f71a5cf10a9,38.791666,8.932331,WaterTank,true,1.0000,22.00
6b430afe-49d9-40ce-8086-1f66945d9cab,38.758391,8.949396,WaterTank,true,1.0000,22.00
0f427afa-df95-432e-bbef-47c215d04b3f,38.760233,9.012809,WaterTank,true,1.0000,22.00
9f09fbfd-9929-45bc-9fb7-ec64cb5f4f04,38.772746,8.940863,WaterTank,true,1.0000,22.00
29ba27a4-0d1e-4cf0-97b7-781e567ae2e4,38.715355,8.980073,WaterTank,true,1.0000,22.00
690eba18-16bf-4342-ae37-982872c7de07,38.754335,8.968928,WaterTank,true,1.0000,22.00
ad8a4909-0167-439d-9186-df968d776a39,38.739539,8.940745,WaterTank,true,1.0000,22.00
a41264f7-d2ee-4991-81ea-037f73ba282c,38.741417,9.011149,WaterTank,true,1.0000,22.00
f5c268d5-e49b-4cf1-b4fd-deaa3173b118,38.784159,8.946032,WaterTank,true,1.0000,22.00
9330d3aa-e712-4e5b-aca8-38ff211582d8,38.746597,9.023270,WaterTank,true,1.0000,22.00
bdcd67ed-449d-4101-9520-72e55a4970fb,38.728688,8.956257,WaterTank,true,1.0000,22.00
6f3ac7c2-47f4-4b87-8443-c40eb75ec131,38.801129,9.011462,WaterTank,true,1.0000,22.00
00748c6b-b8b7-4f73-b0c4-68300222f95e,38.776035,9.024361,WaterTank,true,1.0000,22.00
7d104000-6ea2-4e92-bcc6-31357c220f9e,38.753784,8.948124,WaterTank,true,1.0000,22.00
3f379396-1acb-4e4e-81de-9309cb3edae0,38.725436,8.984290,WaterTank,true,1.0000,22.00
0a3b7700-818e-4621-93df-39a0c789d32d,38.790809,8.972279,WaterTank,true,1.0000,22.00
7d6bff25-bdbd-4985-98e8-9f75773a8ad4,38.802757,9.009970,WaterTank,true,1.0000,22.00
9c610748-4d53-49dd-9339-b7830e14b14a,38.770912,8.946967,WaterTank,true,1.0000,22.00
a259cbe1-5bb1-4961-b1cd-0d96ea218540,38.769524,9.018477,WaterTank,true,1.0000,22.00
b981dddb-ab26-4856-a20c-4551702ca05d,38.749794,8.955481,WaterTank,true,1.0000,22.00
24389b2f-27f2-401b-b555-8ba1ab716365,38.776678,9.027057,WaterTank,true,1.0000,22.00
1149db9c-4c1e-4dd6-a2ea-23e548735f72,38.802434,9.005931,WaterTank,true,1.0000,22.00
4f7bca1a-46ab-472b-9792-80b61d28d559,38.776752,8.937798,WaterTank,true,1.0000,22.00
08230b6b-cc63-45e9-8399-953780ae1f81,38.738144,8.979289,WaterTank,true,1.0000,22.00
d05e711a-e89c-43ff-964a-bf5ed002a021,38.759094,9.016041,WaterTank,true,1.0000,22.00
5e67567d-8486-48a9-a9f3-909e135a741e,38.743369,8.999984,WaterTank,true,1.0000,22.00
ee4876c8-e56c-4307-b3ff-76ab1ff78b4b,38.726728,8.949043,WaterTank,true,1.0000,22.00
dca40fd8-4477-4972-8553-0cac7ec39a65,38.780247,9.030015,WaterTank,true,1.0000,22.00
e7199f15-9e37-4496-8d87-9a50b274d37f,38.790595,9.019918,WaterTank,true,1.0000,22.00
a694d78b-418d-42cc-b207-9eb11d556bd0,38.715169,8.987703,WaterTank,true,1.0000,22.00
cdc79576-9d3b-451d-9743-13d24489a25e,38.717167,9.008565,WaterTank,true,1.0000,22.00
397620f6-1b45-44d7-95ba-dfe9865e7107,38.750860,8.970410,WaterTank,true,1.0000,22.00
6a909e9f-84ee-4107-aac9-0d8423355a7a,38.728793,8.936052,WaterTank,true,1.0000,22.00
789d5f57-aecd-4a5d-a776-08b1feee1a48,38.787975,9.016880,WaterTank,true,1.0000,22.00
727ae9a6-78fc-425b-80a3-350dfa8e6680,38.722654,9.001860,WaterTank,true,1.0000,22.00
f9983dc8-5616-4d28-9190-ac04866cc3b1,38.747740,8.979362,WaterTank,true,1.0000,22.00
b7fb2b5b-7726-4f1f-87dd-25c9fb6c90c8,38.743829,9.024414,WaterTank,true,1.0000,22.00
c2f8109f-109e-4b07-8e8e-1be54ee5fa01,38.745895,8.988251,WaterTank,true,1.0000,22.00
66a44c92-11ce-4305-a242-8607e26578e1,38.720728,8.984478,WaterTank,true,1.0000,22.00
8da57892-9e36-44ec-ad4d-80ae22bdd9a5,38.719976,8.982712,WaterTank,true,1.0000,22.00
800378d3-2c7e-4500-8590-4b258a3a926a,38.747024,8.988298,WaterTank,true,1.0000,22.00
20658bae-03fd-4c53-9797-29c1f3588f0a,38.776942,8.949599,WaterTank,true,1.0000,22.00
daa45762-ae47-4aca-bf99-f77ce834b409,38.773216,9.012781,WaterTank,true,1.0000,22.00
a7d2ce59-0252-4c2e-8f77-f90672b0bc46,38.746199,8.959958,WaterTank,true,1.0000,22.00
eaec8830-224e-4eb2-b3f4-68c8e11ad866,38.753102,8.968506,WaterTank,true,1.0000,22.00
ce7e59b3-ec85-4dd6-8cb9-f37ef8922e0f,38.794285,9.017494,WaterTank,true,1.0000,22.00
4d1f3139-ea58-47ef-943f-cdbf59b33b34,38.775672,9.018074,WaterTank,true,1.0000,22.00
1102afc4-a0e2-4e13-a174-351423ba32e2,38.781777,8.936607,WaterTank,true,1.0000,22.00
49e9cfd5-c1fd-4682-b069-3b43858e5ec5,38.801332,9.017040,WaterTank,true,1.0000,22.00
0ba47a8f-59c0-46d4-a251-53b6452abab9,38.720436,8.948951,WaterTank,true,1.0000,22.00
46568d1a-f111-4b3f-818a-ffdd9244b9b9,38.712841,9.002610,WaterTank,true,1.0000,22.00
569d21bd-ff96-4d14-bd80-0cd93b6b775f,38.719162,8.996944,WaterTank,true,1.0000,22.00
c50281bb-9f42-4680-8da8-6936f0a20e86,38.786022,8.941309,WaterTank,true,1.0000,22.00
f4644f17-24df-44e0-bf87-23fa45893b50,38.791034,9.010252,WaterTank,true,1.0000,22.00
76a736c1-ecdb-4e9f-ba6f-ddf012a09924,38.783013,8.960994,WaterTank,true,1.0000,22.00
f42666a1-4a3f-4f6e-9a5f-51cdfd2d3d0a,38.730513,8.976987,WaterTank,true,1.0000,22.00
4110df58-4483-4172-8484-ac2eddaba2aa,38.771725,8.934859,WaterTank,true,1.0000,22.00
d7bc99cf-b86e-4deb-bf7a-ad0df2904161,38.759843,9.015220,WaterTank,true,1.0000,22.00
d33ad466-645a-47ea-b7fd-1bbc6b0dea90,38.779185,8.955502,WaterTank,true,1.0000,22.00
fb8ced75-bd34-499f-80c8-ce4817bbc679,38.786738,9.022379,WaterTank,true,1.0000,22.00
28b3173a-a994-4116-abaa-e1b117f5fa9c,38.793558,8.935654,WaterTank,true,1.0000,22.00
c07a3b34-1781-4966-9ee9-a0cb2cfcbba2,38.711632,9.030182,WaterTank,true,1.0000,22.00
98de2c7b-1066-496b-a41f-4de668a7eede,38.739892,8.998823,WaterTank,true,1.0000,22.00
1ce32ebf-17b0-4b6a-8318-75b906b3ee1e,38.772111,9.021007,WaterTank,true,1.0000,22.00
51cd9a38-0f32-4d4f-9d0a-51a7f9aa13eb,38.768033,8.977913,WaterTank,true,1.0000,22.00
816d3996-0944-4806-a177-d573d5de9778,38.714549,8.967920,WaterTank,true,1.0000,22.00
0a7e6087-c17c-4e03-95c2-afd393c23de3,38.807624,9.022749,WaterTank,true,1.0000,22.00
84331a30-398a-4519-ab9a-a6f389d06e77,38.738575,8.945087,WaterTank,true,1.0000,22.00
dddd70e6-579b-4175-aef4-9915927a9203,38.764775,9.028529,WaterTank,true,1.0000,22.00
e7ebc541-d80f-4c02-8b3d-435d57865e0d,38.768653,9.017848,WaterTank,true,1.0000,22.00
a594736d-a5d8-4e37-8558-8bb485bf1835,38.757700,8.936322,WaterTank,true,1.0000,22.00
f4711b19-28cc-49a2-80d3-b0bef4c4a040,38.768907,8.962506,WaterTank,true,1.0000,22.00
e047f57d-371a-4253-8ab3-4ed833dd5bb0,38.714530,9.024075,WaterTank,true,1.0000,22.00
5407cad3-5298-4e54-99f4-a6af9b131d75,38.732234,8.984692,WaterTank,true,1.0000,22.00
d878856c-a214-4232-8096-49033d9efa29,38.785503,9.001956,WaterTank,true,1.0000,22.00
4d3d7322-24ea-4fbe-a63d-0734d1371828,38.742850,9.002158,WaterTank,true,1.0000,22.00
c2d78442-4251-41b7-be99-39d00424a0ab,38.753846,8.949422,WaterTank,true,1.0000,22.00
cd6b6c8b-2cf1-4218-98de-d850d370af51,38.732558,8.932941,WaterTank,true,1.0000,22.00
a44b1117-cddb-4f6b-901a-4ef04852d0a6,38.764957,8.983052,WaterTank,true,1.0000,22.00
d51ebde3-8b91-40a0-81e0-01f4b1fab70c,38.725389,8.983072,WaterTank,true,1.0000,22.00
82d7b29e-0399-414f-b2b1-39b8411dbe98,38.731822,9.023973,WaterTank,true,1.0000,22.00
cdb2cc1b-04be-41ef-8ecb-641d5a2e67e1,38.792687,8.959333,WaterTank,true,1.0000,22.00
184d7b00-3c3e-45ff-8bd4-03c18cc7115b,38.716149,8.941613,WaterTank,true,1.0000,22.00
ba3e2822-c3af-4da1-a0c5-dddf218b1879,38.721272,8.942071,WaterTank,true,1.0000,22.00
30ba17b4-73b3-4cf4-8f13-decb148f10dc,38.729316,8.986548,WaterTank,true,1.0000,22.00
e6a30d11-8082-4e19-ac20-d6d82d72c711,38.731012,8.940632,WaterTank,true,1.0000,22.00
a0c07e77-a934-497d-b4df-47a216ae4b15,38.744966,8.989388,WaterTank,true,1.0000,22.00
5f2d30a7-6f94-4b0b-aac5-6372de51aa5e,38.764959,9.019741,WaterTank,true,1.0000,22.00
8b6785fa-9500-428f-bcca-3960a8ad928b,38.765997,8.994909,WaterTank,true,1.0000,22.00
1d9af7fd-7258-47b8-b609-01f5f4ed5236,38.715132,9.028978,WaterTank,true,1.0000,22.00
1c420785-70c3-4a02-bb20-9f8f9b388569,38.742661,9.021051,WaterTank,true,1.0000,22.00
a87a7b31-0a5c-444b-8c14-f275fd7ea71f,38.740100,8.989474,WaterTank,true,1.0000,22.00
a4994c2e-c945-4bb6-a531-da6dec1d837c,38.795641,8.980968,WaterTank,true,1.0000,22.00
3cc77978-29a7-4850-9017-91e49149f6e3,38.776726,8.992066,WaterTank,true,1.0000,22.00
3a173868-cefd-4fe1-90f0-218f57aed95b,38.758223,8.982925,WaterTank,true,1.0000,22.00
2d999754-10d7-48fc-8379-87b5420ea6af,38.747711,8.939346,WaterTank,true,1.0000,22.00
6a8f340a-7961-4532-8b1b-c2deeeff2403,38.715049,9.027673,WaterTank,true,1.0000,22.00
e775fc25-3366-4ed5-a757-4b56217db4ac,38.719068,9.020414,WaterTank,true,1.0000,22.00
1cb6ba83-6743-405c-9f93-da5c93e7b61c,38.781450,8.955793,WaterTank,true,1.0000,22.00
74301863-322c-4c60-8c25-83085c3d0a08,38.767177,8.941598,WaterTank,true,1.0000,22.00
20812655-b1db-4a20-ba53-f96b06cda484,38.736992,8.958598,WaterTank,true,1.0000,22.00
8b91fbd1-ba7a-488f-83c0-570947348902,38.773800,8.949004,WaterTank,true,1.0000,22.00
121ca3d0-e268-4d92-ae8a-1969181fa7eb,38.799604,8.955270,WaterTank,true,1.0000,22.00
9a4e109f-c946-47f3-8e8f-d7f4801d9e79,38.779219,8.969496,WaterTank,true,1.0000,22.00
727514e8-c350-46c7-b445-953af0fd1614,38.802560,8.956251,WaterTank,true,1.0000,22.00
4487c028-6183-4b6a-8542-825cd74a5feb,38.788633,8.965538,WaterTank,true,1.0000,22.00
964ad705-acf0-40cd-936b-71f6cd4b8af6,38.715558,8.978295,WaterTank,true,1.0000,22.00
30d46e93-6481-4fc5-b98d-cf60bf920da4,38.744980,8.946309,WaterTank,true,1.0000,22.00
4543f138-3513-4482-8cc4-380d0ff8f7c1,38.733318,8.950113,WaterTank,true,1.0000,22.00
38b57f1e-e74d-4d5d-a29b-0b758218688f,38.752593,9.002597,WaterTank,true,1.0000,22.00
f25a5cc0-7c6d-40cb-9a93-a037102fa83c,38.740306,8.949228,WaterTank,true,1.0000,22.00
fdc70fd8-02c7-48f5-9c39-f923b489dcdd,38.760349,8.936206,WaterTank,true,1.0000,22.00
3e1cc634-d426-42ef-9105-f94e3179f982,38.748649,8.940422,WaterTank,true,1.0000,22.00
3afb64a1-6b3e-4b34-ac2d-234e2ef3645b,38.790473,8.935953,WaterTank,true,1.0000,22.00
950c5e43-b1fd-4059-ae45-d79fce5b60f4,38.797736,8.944077,WaterTank,true,1.0000,22.00
85705554-bcc6-4c91-8fe5-d1e735dbf0c8,38.729688,9.011805,WaterTank,true,1.0000,22.00
43fc166f-0c1f-49d1-b1d8-952821407c63,38.798683,8.948733,WaterTank,true,1.0000,22.00
6425bdf7-c35b-4ba4-9992-f22ef3271ec7,38.783107,8.936305,WaterTank,true,1.0000,22.00
f7107014-97cf-4474-a8f5-cd229494feaf,38.804562,8.996380,WaterTank,true,1.0000,22.00
b77d2aa7-3a2f-45eb-9573-0fc92c2ad614,38.728080,8.958160,WaterTank,true,1.0000,22.00
a3715669-b743-4b73-8556-555f7fabe96e,38.788193,9.011240,WaterTank,true,1.0000,22.00
7413c7d7-cea5-43d5-8b24-41938038d531,38.795136,8.946708,WaterTank,true,1.0000,22.00
092f091b-5910-481f-bc1c-e4b2868771ba,38.713288,9.013242,WaterTank,true,1.0000,22.00
aeef2b4e-72c9-45cc-8f38-14e530c555a2,38.746258,8.997950,WaterTank,true,1.0000,22.00
775e9329-6517-48c4-bea8-3ab1c9c765d2,38.791863,8.955909,WaterTank,true,1.0000,22.00
b65a0a28-e848-429f-aef0-a4e96c6a3e49,38.716880,8.982954,WaterTank,true,1.0000,22.00
5c27e402-7f96-464e-94f9-da5ebce19128,38.731117,8.955050,WaterTank,true,1.0000,22.00
da173b54-eda2-4005-8fe4-9e1668dd3ee9,38.737342,8.947619,WaterTank,true,1.0000,22.00
b0396f19-ac43-4fa6-86a4-3d98367e15de,38.786303,9.029413,WaterTank,true,1.0000,22.00
d373257c-9de6-446a-bc39-f4d841f1f5b3,38.751974,8.979177,WaterTank,true,1.0000,22.00
610334a6-da0b-441d-b65f-eb8dc7d80052,38.752679,8.957390,WaterTank,true,1.0000,22.00
1a33106e-4696-4ca1-a9a4-5dbc14a0e609,38.709528,8.939256,WaterTank,true,1.0000,22.00
7ae9342e-e6db-48fb-a62c-e05f9875f274,38.749211,8.964894,WaterTank,true,1.0000,22.00
68f28a91-aeeb-411d-ac8b-a9faef3b88c8,38.807401,9.025939,WaterTank,true,1.0000,22.00
013a6079-4eeb-4480-ac17-d56505feb6c4,38.769473,8.998661,WaterTank,true,1.0000,22.00
af84f40e-a740-488c-89fa-e1b3923c2c78,38.733875,8.967965,WaterTank,true,1.0000,22.00
4d29ad8c-8439-4a6e-bcd8-a1d8cb058ba4,38.801073,9.006571,WaterTank,true,1.0000,22.00
228573c1-4e27-4df6-8116-e124021540b8,38.767565,8.973078,WaterTank,true,1.0000,22.00
116a3f36-e4f8-49a1-a701-c973b79f08e5,38.743918,8.941924,WaterTank,true,1.0000,22.00
2db1eedf-7b70-4b4e-8198-534fa2cc7c8d,38.761324,8.949494,WaterTank,true,1.0000,22.00
141c3704-63b6-4345-8947-977b02874795,38.789786,8.932204,WaterTank,true,1.0000,22.00
05ffb2c5-3898-4cb3-b198-0892d25b88f2,38.759042,8.994561,WaterTank,true,1.0000,22.00
98b00497-8962-4a62-9446-2eb288bb18f5,38.760898,9.004485,WaterTank,true,1.0000,22.00
dc73a88d-0706-400a-9ce1-8669f8fca0eb,38.768095,8.997893,WaterTank,true,1.0000,22.00
3fafa808-091d-4505-b3f6-e0ab39df3775,38.743595,8.939427,WaterTank,true,1.0000,22.00
1008c188-2248-41c2-8a71-2f5dd0073c13,38.737652,8.937633,WaterTank,true,1.0000,22.00
430fe704-d1ee-4add-a2c4-4962da535a0b,38.794694,8.933738,WaterTank,true,1.0000,22.00
125d5831-420b-49b4-82e1-e644d187e929,38.773592,8.957956,WaterTank,true,1.0000,22.00
9bd5679c-0cf0-4615-b8ff-f75f42180569,38.742749,8.986977,WaterTank,true,1.0000,22.00
800a2525-43ee-44ca-8725-c9062f2bb313,38.754496,9.003508,WaterTank,true,1.0000,22.00
89ac66d4-b296-4953-a704-8f5928bb0d95,38.754197,8.992778,WaterTank,true,1.0000,22.00
4cdd166c-9461-4aef-b369-2ac0425a8bd1,38.799980,8.952234,WaterTank,true,1.0000,22.00
c3c9c78d-ea8f-4baa-88e4-871931419d43,38.785235,9.006821,WaterTank,true,1.0000,22.00
9f926aee-b784-4c29-ae39-10d62e826dfd,38.782591,8.931872,WaterTank,true,1.0000,22.00
6b510eab-05de-405f-ae5c-46bb702b53a0,38.794284,8.984303,WaterTank,true,1.0000,22.00
e6d10e08-257e-4c18-a735-3e0f6d1b7456,38.767540,9.027353,WaterTank,true,1.0000,22.00
bad9639c-7509-4ade-b1dd-0fa2974b0500,38.747025,9.028209,WaterTank,true,1.0000,22.00
7b2599bc-70cb-4c0d-85bf-cb280c48c7ef,38.710745,8.986477,WaterTank,true,1.0000,22.00
259db1f6-009b-4492-aa86-b875baac4a56,38.806257,8.966315,WaterTank,true,1.0000,22.00
f5e2753c-3eac-4b0e-aac0-5e3c084beb94,38.744976,9.009431,WaterTank,true,1.0000,22.00
f738af3e-73c8-4096-8115-d28bfa68a9cb,38.762178,8.979661,WaterTank,true,1.0000,22.00
bf68575d-1f44-4412-a663-23dc4c5db2fc,38.736323,8.964069,WaterTank,true,1.0000,22.00
9d594587-e192-4ca3-82bc-2b2e17eaa9aa,38.725228,8.938144,WaterTank,true,1.0000,22.00
5211129b-e47d-42ca-a637-1aee0c32d6bb,38.798795,9.003350,WaterTank,true,1.0000,22.00
90ca5e3c-66fa-4da1-b8e9-ef70905bf9f1,38.773230,8.959899,WaterTank,true,1.0000,22.00
61f03fb4-fb50-4fdf-ba14-86242a29410f,38.713528,8.973935,WaterTank,true,1.0000,22.00
ec2282c3-6844-4733-b1ee-598e1367275f,38.717348,9.000306,WaterTank,true,1.0000,22.00
cf66cb36-a5b1-486d-9f19-86c5d8d30291,38.710908,8.995641,WaterTank,true,1.0000,22.00
4e545359-6f5e-40dd-829b-f18c5725285a,38.727236,8.993757,WaterTank,true,1.0000,22.00
5b956019-45a0-451d-97ce-e3fa0c30a578,38.738855,8.960327,WaterTank,true,1.0000,22.00
08a4104f-ced5-4589-9b62-1e8071c5b4a9,38.734766,9.016704,WaterTank,true,1.0000,22.00
7237d9f9-33a4-40e5-bcad-fe1824fe7738,38.758584,8.945754,WaterTank,true,1.0000,22.00
548e4654-bda9-4bf9-be1f-b06381bac00d,38.717863,9.014065,WaterTank,true,1.0000,22.00
63fda2c2-2798-48e6-9b44-e258eb3388b2,38.780338,8.965024,WaterTank,true,1.0000,22.00
edcc7966-a006-493b-bc97-c3ecea5602d5,38.751201,8.932707,WaterTank,true,1.0000,22.00
05187db6-36de-4acc-bc0d-d0bb0a48b0f0,38.775916,8.975488,WaterTank,true,1.0000,22.00
ef9e5552-186a-462b-9733-6b7d49ff166d,38.798927,8.935536,WaterTank,true,1.0000,22.00
70540505-3474-4913-96a1-41691af17376,38.782259,8.952305,WaterTank,true,1.0000,22.00
ddf0ad2d-5e26-4a91-af85-4204e2aa295c,38.716043,9.027598,WaterTank,true,1.0000,22.00
7d6d1c1b-6424-4438-a4ac-f1be2d1e0ddd,38.740918,8.991327,WaterTank,true,1.0000,22.00
e1f13dd9-f997-4dae-b1bd-d89b92782876,38.719762,9.011666,WaterTank,true,1.0000,22.00
d69ef33e-e6ad-4e6f-be41-c3ced9b7d1fa,38.801926,8.943599,WaterTank,true,1.0000,22.00
201f875f-4a7a-47c5-9d7a-700550f5f294,38.789838,9.004925,WaterTank,true,1.0000,22.00
c5c7dae1-9b08-48ad-9869-9319616982b0,38.757405,8.999458,WaterTank,true,1.0000,22.00
2bd5fb96-a1b6-4eba-9b71-247590cdfe07,38.757812,8.990659,WaterTank,true,1.0000,22.00
aba85da9-5493-4e47-98d7-0d4670cc1f37,38.760189,8.934072,WaterTank,true,1.0000,22.00
dec5533d-b294-419e-af66-45b3c5792bef,38.749079,8.949262,WaterTank,true,1.0000,22.00
d551e429-e552-43fa-89cf-dc4114927773,38.725802,8.998249,WaterTank,true,1.0000,22.00
d98f3725-29c7-4d2c-b4c9-89d027ead8f0,38.748833,9.011407,WaterTank,true,1.0000,22.00
61ecc27c-9e06-45e6-992c-48d5f6882ea5,38.712323,8.988418,WaterTank,true,1.0000,22.00
ad2b33d4-b705-461a-9b75-f3aefb366420,38.773177,9.002903,WaterTank,true,1.0000,22.00
f8b2b7f5-7e96-4063-937a-f61367399303,38.722005,8.957923,WaterTank,true,1.0000,22.00
0dabe3cd-89f3-49e3-ab05-06d6ecc4dfb1,38.740104,9.005519,WaterTank,true,1.0000,22.00
866fe4d0-1d4c-47d2-9235-b76460c7f17a,38.770910,8.938121,WaterTank,true,1.0000,22.00
00de00f1-d518-41c9-b0ff-a491dd6d282e,38.751504,8.940989,WaterTank,true,1.0000,22.00
cdbb09da-ea5b-4cc5-b383-dcb13d91ae8a,38.728455,9.022223,WaterTank,true,1.0000,22.00
f26f85d1-bf8e-4705-bc42-86ad974a5c65,38.717033,8.996436,WaterTank,true,1.0000,22.00
b1d655ad-a3b7-4e1d-b90e-f37847b9e490,38.737382,9.027459,WaterTank,true,1.0000,22.00
0784269a-96ba-4bfc-9944-47403f9ca20a,38.773403,8.948609,WaterTank,true,1.0000,22.00
ba08e217-f847-4bdc-a518-4da93d616800,38.786552,8.991818,WaterTank,true,1.0000,22.00
e2cb3b57-d0b7-4349-8933-2ce68b0954f2,38.778541,9.011634,WaterTank,true,1.0000,22.00
131fb84b-68bb-433b-be66-0f54464613d9,38.723844,8.980505,WaterTank,true,1.0000,22.00
7b02910c-bb02-4098-a9b1-b7bc6c1ff60f,38.789058,9.028359,WaterTank,true,1.0000,22.00
00c31648-9662-4e80-9c28-75a5ef7b017c,38.764551,8.974214,WaterTank,true,1.0000,22.00
21137404-876a-4f62-8abc-f66a9667ac24,38.761631,8.948933,WaterTank,true,1.0000,22.00
c1571584-95f8-4c3e-ac26-2d47e35c9e33,38.771829,8.986394,WaterTank,true,1.0000,22.00
99678937-765d-473b-90f4-ba96f5a7699c,38.754100,8.991907,WaterTank,true,1.0000,22.00
b5596e77-3d25-4aa1-a3fe-e0ad6c21f699,38.760087,9.009951,WaterTank,true,1.0000,22.00
51fced35-29b2-41a3-bc0a-3881920f6d35,38.740519,8.962934,WaterTank,true,1.0000,22.00
1d3281ea-29a7-4db2-af26-b65786acdfb3,38.799630,9.025130,WaterTank,true,1.0000,22.00
9d5b2c90-79d8-472d-a7f0-53e5e18db9de,38.795860,9.014054,WaterTank,true,1.0000,22.00
9b250659-4189-4a4f-925f-d1f85669a306,38.781466,9.009831,WaterTank,true,1.0000,22.00
555a34b5-0c1d-4595-937e-8e56b29c1fc6,38.750723,8.962588,WaterTank,true,1.0000,22.00
2de9a910-7322-4e5c-b28b-9c3e543b13a0,38.734832,8.981186,WaterTank,true,1.0000,22.00
8183ac90-1fae-4810-859a-25cb2c40a8fb,38.764147,8.952820,WaterTank,true,1.0000,22.00
da507b16-e533-4030-901d-c7ba5b530b94,38.776860,8.962959,WaterTank,true,1.0000,22.00
7146f68b-0ab6-442b-b9c3-25d66e87fd52,38.713501,8.935930,WaterTank,true,1.0000,22.00
9d875a1d-171b-4805-a70e-5b7b466546fd,38.713705,9.017174,WaterTank,true,1.0000,22.00
97de8198-2b58-4c64-b062-534f9ba318c1,38.754440,8.964069,WaterTank,true,1.0000,22.00
